S.No,Slot,Course Code,Course Description,Course Credit,L,T,P,Course Co-Ordinator,Registered
1,A,AML831,THEORY OF PLATES AND SHELLS,3,3,0,0,MALOY KUMAR SINGHA,17
2,A,AML832,APPLICATIONS OF THEORY OF PLATES AND SHELLS,2,2,0,0,YOGENDRA NATH,19
3,B,AML710,COMPUTER AIDED DESIGN,4,3,0,2,SRIRAM HEGDE,58
4,B,AML110,ENGINEERING MECHANICS,4,3,0,2,SANJEEV SANGHI,156
5,B,AML871,PRODUCT RELIABILITY AND MAINTENANCE,3,3,0,0,SUHAIL AHMED,22
6,B,AML360,ENGINEERING FLUID FLOWS,4,3,1,0,V. SESHADRI,13
7,B,AML120,MATERIALS SCIENCE,4,3,0,2,S.K. GUPTA,143
8,B,AML795,SUBMARINE DESIGN,3,3,0,0,BALAJI SRINIVASAN,19
9,C,AML883,PROPERTIES & SELECTION OF ENGG.MATERIALS,3,3,0,0,RAJESH PRASAD,22
10,C,AML793,SHIP DYNAMICS,3,3,0,0,BALAJI SRINIVASAN,19
11,C,AML833,APPLIED PLASTICITY,3,3,0,0,N.K. GUPTA,13
12,D,AML300,CONSTITUTIVE MODELLING AND APPLICATION OF NEW MATE,3,3,0,0,R.K. MITTAL,80
13,D,AML130,EXPERIMENTAL METHODS AND ANALYSIS,5,3,1,2,S.V. VEERAVALLI,89
14,D,AML310,COMPUTATIONAL MECHANICS,4,3,0,2,SUHAIL AHMED,24
15,D,AMP262,FLUIDS & SOLIDS LABORATORY,1.5,0,0,3,SANJEEV SANGHI,72
16,D,AML852,ENGINEERING FAILURE ANALYSIS AND PREVENTION,3,3,0,0,R.K. PANDEY,39
17,D,AML812,TURBULENT SHEAR FLOWS,3,3,0,0,MURALI RAMAN CHOLEMARI,70
18,E,AML702,APPLIED COMPUTATIONAL METHOD,4,3,0,2,C.V. RAMAKRISHNAN,19
19,E,AML150,MECHANICS OF SOLIDS & FLUIDS,5,3,1,2,ANUPAM DEWAN,95
20,E,AML700,EXPERIMENTAL METHODS FOR SOLID AND FLUIDS,4,3,0,2,R.K. MITTAL,22
21,E,AML120,MATERIALS SCIENCE,4,3,0,2,S.K. GUPTA,143
22,F,AML835,MECHANICS OF COMPOSITE MATERIALS,3,3,0,0,R.K. MITTAL,15
23,H,AML706,FINITE ELEMENT METHODS & ITS APPL.TO MARINE STRU.,3,3,0,0,D.K. SEHGAL,20
24,H,AML705,FINITE ELEMENT METHODS,4,3,0,2,BADRI PRASAD PATEL,71
25,J,AML712,NUMERICAL METHODS IN FLUID FLOWS,3,3,0,0,P.K. SEN,13
26,J,AML774,MODELLING AND ANALYSIS II,3,3,0,0,MALOY KUMAR SINGHA,21
27,K,AML811,ADVANCED COMPUTATIONAL FLUID DYNAMICS,3,3,0,0,BALAJI SRINIVASAN,23
28,M,AML815,HYDRODYNAMIC STABILITY,3,3,0,0,P.K. SEN,80
29,P,AMD814,MAJOR PROJECT PART-II,12,0,0,24,MALOY KUMAR SINGHA,19
30,P,AMD812,MAJOR PROJECT PART-II,12,0,0,24,ANUPAM DEWAN,20
31,P,AMD897,MINOR PROJECT,4,0,0,8,BALAJI SRINIVASAN,19
32,R,AMP777,PRODUCT DESIGN PROJECT II,2,0,0,4,S.N. SINGH,23
33,B,BEL702,BIOPROCESS PLANT DESIGN,5,3,0,4,T.R.SREEKRISHNAN,27
34,B,BEL102,BIOPROCESS CALCULATIONS,4,3,1,0,P.K. ROYCHOUDHURY,53
35,C,BEL411,FOOD SCIENCE AND ENGINEERING,3,3,0,0,S.N. MUKHOPADHYAY,7
36,C,BEL703,DOWNSTREAM PROCESSING IN BIOTECHNOLOGY,5,3,0,4,G.P. AGARWAL,33
37,C,BEL420,ANALYTICAL METHODS IN BIOTECHNOLOGY,3,2,0,2,SAROJ MISHRA,70
38,D,BEL110,MOLECULAR CELL BIOLOGY,3,3,0,0,PRASHANT MISHRA,59
39,D,BEL312,CARBOHYDRATES AND LIPIDS IN BIOTECHNOLOGY,3,2,1,0,SUBHASH CHAND,11
40,D,BEL712,PLANT CELL TECHNOLOGY,3,2,0,2,A.K. SRIVASTAVA,23
41,D,BEL311,PHYSICAL AND CHEMICAL PROPERTIES OF BIOMOLECULES,3,2,1,0,TAPAN KUMAR CHAUDHURI,31
42,E,BEL721,BIONANOTECHNOLOGY,3,3,0,0,PRASHANT MISHRA,17
43,E,BER350,PROFESSIONAL PRACTICES (BB),2,0,1,2,A.K. SRIVASTAVA,28
44,E,BEL720,BIOTECHNOLOGY IN FOOD PROCESSING,3,3,0,0,S.N. MUKHOPADHYAY,16
45,E,BEL401,BIOPROCESS TECHNOLOGY,2,2,0,0,VIKRAM SAHAI,30
46,H,BEL302,FLUID SOLID SYSTEMS,3,3,0,0,T.R.SREEKRISHNAN,30
47,H,BEL418,BIOINFORMATICS,3,2,0,2,D.SUNDAR,36
48,J,BEL711,RECOMBINANT DNA TECHNOLOGY,4,2,0,4,SAROJ MISHRA,20
49,P,BED854,MAJOR PROJECT PART 2 (BB),16,0,0,32,PRASHANT MISHRA,70
50,P,BED852,MAJOR PROJECT PART 2 (BB),14,0,0,28,PRASHANT MISHRA,23
51,P,BEC750,SEMINAR (BB),0,1,0,0,D.SUNDAR,22
52,P,BES350,INDEPENDENT STUDY (BB),3,0,3,0,V.S. BISARIA,6
53,P,BED851,MAJOR PROJECT PART 1 (BB),6,0,0,12,PRASHANT MISHRA,1
54,P,BED800,MAJOR PROJECT,40,0,0,80,PRASHANT MISHRA,7
55,B,CHL712,COMPUTER AIDED DESIGN IN CHEMICAL ENGINEERING,3,2,0,2,RATAN MOHAN,17
56,B,CHL112,CHEMICAL PROCESS TECHNOLOGY,4,3,1,0,V V KRISHNAN,102
57,B,CHL702,PLANT DESIGN,4,3,0,2,SREEDEVI UPADHYAYULA,32
58,C,CHL291,INTRODUCTION TO BIOCHEMICAL ENGINEERING,4,3,1,0,ANURAG SINGH RATHORE,32
59,C,CHL869,APPLICATIONS OF COMPUTATIONAL FLUID DYNAMICS,3,2,0,2,VIVEK VITTHAL BUWA,15
60,C,CHL735,DESIGN OF SEPARATION PROCESSES,4,3,0,2,SUDDHASTWA BASU,27
61,C,CHL392,POLYMER SCIENCE AND ENGINEERING,4,3,1,0,SUDIP KUMAR PATTANAYEK,28
62,C,CHL122,CHEMICAL REACTION ENGG. 1,4,3,1,0,K.D.P. NIGAM,97
63,D,CHL260,APPLICATIONS OF PROGRAMMING IN CHEMICAL ENGINEERIN,4,3,0,2,J.K. JAIN,31
64,D,CHL762,"MODELLING,SIMULATION AND CONTROL",4,3,0,2,D.P. RAO,19
65,D,CHL721,ADVANCED CHEMICAL ENGG. THERMODYNAICS,4,3,0,2,ANUPAM SHUKLA,50
66,E,CHP301,FLUID MECHANICS & HEAT TRANSFER LAB.,1.5,0,0,3,RATAN MOHAN,87
67,E,CHL110,TRANSPORT PHENOMENA,4,3,1,0,S.K. GUPTA,244
68,E,CHL727,HETEROGENEOUS CATALYSIS AND CATALYTIC REACTORS,4,3,0,2,KAMAL KISHORE PANT,32
69,E,CHL351,MASS TRANSFER OPERATIONS,4,3,1,0,SHAIK ABDUL MUNAWAR,61
70,E,CHL471,PROCESS EQUIPMENT DESIGN AND ECONOMICS,4.5,3,0,3,O.P. AMAR,76
71,F,CHL275,SAFETY AND HAZARDS IN THE PROCESS INDUSTRIES,4,3,1,0,ANIL KUMAR SAROHA,63
72,F,CHL332,FLUIDIZATION ENGINEERING,4,3,1,0,SHANTANU ROY,27
73,F,CHL751,MULTICOMPONENT MASS TRANSFER,3,3,0,0,RAJESH KHANNA,25
74,F,CHL807,POPULATION BALANCE MODELLING,3,3,0,0,A.N. BHASKARWAR,23
75,F,CHP303,CHEMICAL REACTION ENGINEERING AND PROCESS CONTROL,1.5,0,0,3,SHANTANU ROY,70
76,F,CHP311,DESIGN& LABORATORY PRACTICS,2,0,0,4,V V KRISHNAN,62
77,F,CHL202,PROCESS SYSTEMS ANALYSIS AND CONTROL,4,3,1,0,JAMES GOMES,43
78,P,CHD411,MAJOR PROJECT PART 1 (CH),4,0,0,8,SREEDEVI UPADHYAYULA,6
79,P,CHD771,MINOR PROJECT,4,0,0,8,SUDDHASTWA BASU,15
80,P,CHD862,MAJOR PROJECT PART 2 (CC),14,0,0,28,ANUPAM SHUKLA,12
81,P,CHD412,MAJOR PROJECT PART 2 (CH),6,0,0,12,SREEDEVI UPADHYAYULA,40
82,P,CHD864,MAJOR PROJECT PART 2 (CC),16,0,0,32,ANUPAM SHUKLA,4
83,P,CHD852,MAJOR PROJECT PART 2 (CP),14,0,0,28,ANUPAM SHUKLA,15
84,P,CHD854,MAJOR PROJECT PART 2 (CP),16,0,0,32,ANUPAM SHUKLA,2
85,P,CHC750,SEMINAR (CP),1,0,0,2,ANUPAM SHUKLA,14
86,P,CHD895,MAJOR PROJECT,40,0,0,80,ANIL KUMAR SAROHA,3
87,P,CHP711,PROCESS DEVELOPMENT LAB.,3,0,0,6,D.P. RAO,70
88,P,CHD780,MAJOR PROJECT PART-II,12,0,0,12,SUDDHASTWA BASU,16
89,P,CHC760,SEMINAR (CC),1,0,0,2,ANUPAM SHUKLA,15
90,P,CHS310,INDEPENDENT STUDY (CH),3,0,3,0,VIVEK VITTHAL BUWA,2
91,A,CYL562,ORGANIC SYNTHESIS,3,3,0,0,H.M. CHAWLA,35
92,A,CYL688,PHYSICAL METHODS IN INORGANIC CHEMISTRY,3,3,0,0,RAVI SHANKAR,7
93,B,CYL564,BIOCHEMISTRY II,3,3,0,0,SUNIL KUMAR KHARE,35
94,B,CYL726,CHEMINFORMATICS AND MOLECULAR MODELLING,3,3,0,0,B. JAYARAM,26
95,C,CYL665,SOLID STATE CHEMISTRY,3,3,0,0,ASHOK KUMAR GANGULI,25
96,C,CYL729,MATERIALS CHARACTERISATION: DIFFRACTION ETC.,3,3,0,0,A.RAMANAN,31
97,D,CYL110,PHYSICAL CHEMISTRY-CONCEPTS AND APPLICATIONS,4,3,1,0,SAMEER SAPRA,178
98,D,CYL727,INORGANAIC SYNTHESIS AND ANALYSIS,3,3,0,0,JAI DEO SINGH,55
99,D,CYL566,PHYSICAL METHOD OF STRUCTURAL DETER. OF ORG. COMPD,3,3,0,0,N.G.RAMESH,37
100,D,CYL120,INORGANIC & ORGANIC CHEMISTRY-CONCEPTS & APPLNS.,4,3,1,0,S. NAGENDRAN,183
101,E,CYL695,APPLIED BIOCATALYSIS,3,3,0,0,M.N. GUPTA,13
102,E,CYL563,TRANSITION & INNER TRANSITION METAL CHEMISTRY,3,3,0,0,A.K. SINGH,35
103,F,CYL561,QUANTUM CHEMISTRY,3,3,0,0,CHARUSITA CHAKRAVARTY,38
104,F,CYL685,APPLIED ORGANOMETALLIC CHEMISTRY,3,3,0,0,ANIL JACOB ELIAS,38
105,H,CYL565,CHEMICAL DYNAMICS & SURFACE CHEMISTRY,3,3,0,0,SHASHANK DEEP,35
106,H,CYL676,BIO-ORGANIC & MEDICINAL CHEMISTY,3,3,0,0,NALIN PANT,19
107,P,CYP563,INORGANIC CHEMISTRY LAB COURSE II,2,0,0,4,A.K. SINGH,35
108,P,CYP728,INORGANIC SYSNTHESIS AND ANALYSIS LAB,2,0,0,4,JAI DEO SINGH,8
109,P,CYP561,PHYSICAL CHEMISTRY LAB COURSE II,2,0,0,4,SHASHANK DEEP,35
110,P,CYP564,BIOCHEMISTRY LAB COURSE II,2,0,0,4,M.N. GUPTA,35
111,P,CYP562,ORGANIC CHEMISTRY LAB COURSE II,2,0,0,4,NALIN PANT,35
112,P,CYD670,PROJECT PART II,8,0,0,16,V.HARIDAS,34
113,Q,CYP100,CHEMISTRY LABORATORY,2,0,0,4,JAI DEO SINGH,347
114,Z,CYD802,MAJOR PROJECT PART-II,12,0,0,24,SIDDHARTH PANDEY,2
115,A,CSL102,INTRODUCTION TO COMPUTER SCIENCE,4,3,0,2,PREM KUMAR KALRA,102
116,A,CSL758,ADVANCE ALGORITHMS,4,3,1,0,S.N. MAHESHWARI,22
117,B,CSL718,ARCH.OF LARGE SYSTEMS,4,3,0,2,KOLIN PAUL,50
118,B,CSL356,ANALYSIS AND DESIGN OF ALGORITHMS,4,3,1,0,NAVEEN GARG,61
119,C,CSL316,DIGITAL HARDWARE DESIGN,5,3,0,4,M. BALAKRISHNAN,46
120,C,CSL332,INTRODUCTION TO DATABASE SYSTEMS,4.5,3,0,3,S.K. GUPTA,81
121,C,CSL632,INTRODUCTION TO DATA BASESYSTEMS,4,3,0,2,S.K. GUPTA,8
122,D,CSL374,COMPUTER NETWORKS,4.5,3,0,3,AADITESHWAR SETH,43
123,D,CSL858,ADVANCED COMPUTER NETWORKS,4,3,0,2,B.N. JAIN,21
124,E,CSL865,SPECIAL TOPICS IN COMPUTER APPLICATIONS,3,3,0,0,HUZUR SARAN,12
125,E,CSL728,COMPILER DESIGN,4.5,3,0,3,ANSHUL KUMAR,27
126,E,CSL201,DATA STRUCTURES,5,3,0,4,AMITABHA BAGCHI,148
127,F,CSL373,OPERATING SYSTEMS,5,3,0,4,SORAV BANSAL,21
128,F,CSL633,RESOURCE MANAGEMENT IN COMPUTER SYSTEMS,4,3,0,2,SORAV BANSAL,6
129,H,CSL302,PROGRAMMING LANGUAGES,5,3,0,4,SANJIVA PRASAD,101
130,J,CSL812,HIGH LEVEL DESIGN & MODELING,3,3,0,0,PREETI RANJAN PANDA,8
131,J,CSL705,THEORY OF COMPUTATION,4,3,1,0,SANDEEP SEN,54
132,K,CSL671,ARTIFICIAL INTELLIGENCE,4,3,0,2,SAROJ KAUSHIK,10
133,K,CSL333,ARTIFICIAL INTELLIGENCE,4,3,0,2,SAROJ KAUSHIK,53
134,L,CSL781,COMPUTER GRAPHICS,4.5,3,0,3,SUBODH KUMAR,48
135,M,CSL750,FOUNDATONS OF AUTOMATIC VERIFICATION,4,3,0,2,S.A. KUMAR,13
136,P,CSL840,COMPUTER VISION,4,3,0,2,S. BANERJEE,13
137,P,CSD745,MINOR PROJECT,4,0,1,6,SANJIVA PRASAD,28
138,P,CST410,PRACTICAL TRAINING,0,0,0,0,SAROJ KAUSHIK,56
139,P,CSS310,INDEPENDENT STUDY (CS),3,0,3,0,VINAY JOSEPH RIBEIRO,13
140,P,CSS799,INDEPENDENT STUDY,3,0,3,0,NAVEEN GARG,1
141,P,CSD852,MAJOR PROJECT PART 2 (CO),14,0,0,28,PREETI RANJAN PANDA,17
142,P,CSD310,MINI PROJECT (CS),3,0,0,6,VINAY JOSEPH RIBEIRO,17
143,P,CSD411,MAJOR PROJECT PART 1 (CS),4,0,0,8,S.K. GUPTA,2
144,P,CSD412,MAJOR PROJECT PART 2 (CS),8,0,0,16,S.K. GUPTA,36
145,P,CSD851,MAJOR PROJECT PART 1 (CO),6,0,0,12,PREETI RANJAN PANDA,1
146,P,CSD853,MAJOR PROJECT PART 1 (CO),4,0,0,8,PREETI RANJAN PANDA,80
147,P,CSD854,MAJOR PROJECT PART 2 (CO),16,0,0,32,PREETI RANJAN PANDA,3
148,P,CSD750,MINOR PROJECT (CO),4,0,1,6,PREETI RANJAN PANDA,20
149,P,CSD895,MAJOR PROJECT,40,0,0,80,SANJIVA PRASAD,7
150,P,CSD893,MAJOR PROJECT PART - I,6,0,0,12,SANJIVA PRASAD,70
151,P,CSD894,MAJOR PROJECT PART-II,12,0,0,24,SANJIVA PRASAD,18
152,A,CEL784,DESIGN & MAINTENANCE OF PAVEMENTS,4,3,0,2,RAMACHANDRA RAO KALAGA,7
153,A,CEL796,ADVANCED WASTE WATER TREATMENT,3,3,0,0,ATUL KUMAR MITTAL,36
154,A,CEL702,SLOPE STABILIGY AND EARTH DAMS,3,3,0,0,JAGDISH TELANGRAO SHAHU,9
155,A,CEL718,DESIGN OF STEEL STRUCTURES,3,2,1,0,G.S. BANIPAL,30
156,A,CEL749,WATER RESOURCES SYSTEMS,3,3,0,0,RAKESH KHOSA,5
157,A,CEL752,SLOPES AND FOUNDATIONS,3,3,0,0,K.G. SHARMA,3
158,A,CEL767,CONSTRUCTION AND CONTRACT MANAGEMENT,3,3,0,0,K. CHANDRASHEKHAR IYER,74
159,B,CEL708,EARTH PRESSURES AND RETAINING STRUCTURES,3,3,0,0,R AYOTHIRAMAN,14
160,B,CEL222,ENGG. GEOLOGY & SOIL MECHANICS,5.5,3,1,3,K.K. GUPTA,79
161,B,CEL832,DESIGN OF TALL BUILDINGS,3,2,1,0,A.K. NAGPAL,20
162,B,CEL786,GEOMETRIC DESIGN OF STREETS & HIGHWAYS,3,2,0,2,GEETAM TEWARI,53
163,B,CEL794,SOLID AND HAZARDOUS WASTE MANAGEMENT,3,3,0,0,BABU J.ALAPPAT,70
164,B,CEL778,CONSTRUCTION METHODS AND EQUIPMENT,3,3,0,0,A.K. JAIN,45
165,C,CEL779,CONSTRUCTION ECONOMICS AND FINANCE,3,3,0,0,KUMAR NEERAJ JHA,48
166,C,CEL785,ADVANCED TRANSPORTAION MODELLING,3,2,0,2,S.K. DEB,11
167,C,CEL826,ADVANCE FEM AND PROGRAMING,3,2,0,2,A.K. NAGPAL,80
168,C,CEL892,AIR QUALITY MODELLING,3,3,0,0,MUKESH KHARE,14
169,C,CEP200,DESIGN CONCEPTS IN CIVIL ENGG.,2,0,0,4,BABU J.ALAPPAT,81
170,C,CEL311,ADVANCED WATER AND WASTEWATER ENGINEERING,4,3,0,2,BABU J.ALAPPAT,42
171,C,CEL731,PSC/COMPOSITE STRUCTURES,3,3,0,0,VASANT A. MATSAGAR,17
172,C,CEL760,FINITE ELEMENT METHOD IN GEOTECHNICAL ENGG.,3,3,0,0,K.G. SHARMA,13
173,C,CEL747,GEOGRAPHIC INFORMATION SYSTEMS,3,2,0,2,A.K. GOSAIN,34
174,D,CEL766,SYSTEMS DESIGN AND VALUE ANALYSIS,3,3,0,0,ANIL SAWHNEY,28
175,D,CEL704,SHALLOW AND DEEP FOUNDATIONS,3,3,0,0,VENKATA RAMANA GUNTURI,9
176,D,CEL341,TRANSPORTATION ENGINEERING II,4,3,1,0,S.K. DEB,31
177,D,CEL351,DESIGN OF HYDRAULIC STRUCTURES,3,2,0,2,DEO RAJ KAUSHAL,83
178,D,CEL423,DESIGNS OF FOUNDATION; EARTH AND EARTH RETAINING S,4,3,1,0,R AYOTHIRAMAN,58
179,D,CEL843,TRAFFIC ENGINEERING & SIMULATION,3,2,0,2,RAMACHANDRA RAO KALAGA,9
180,D,CEL828,WIND RESISTANT DESIGN OF STRUCTURES,3,3,0,0,T.K. DATTA,13
181,E,CEL879,INDUSTRIAL WASTE MANAGEMENT & AUDIT,3,3,0,0,ATUL KUMAR MITTAL,14
182,E,CEL768,RECENT ADVANCES IN CONSTRUCTION MATERIALS,3,3,0,0,B.BHATTACHARJEE,16
183,E,CEL432,DESIGN OF PRESTRESSED CONCRETE AND INDUSTRIAL STRU,4,3,0,2,ALOK MADAN,53
184,E,CEL338,INFRASTRUCTURE PLANNING AND MANAGEMENT,3,3,0,0,K. CHANDRASHEKHAR IYER,70
185,E,CEL212,ENVIRONMENTAL ENGINEERING,4,3,0,4,ARVIND KUMAR NEMA,84
186,E,CEL738,ADVANCED HYDRAULICS,3,3,0,0,SHASHI MATHUR,10
187,E,CEL706,GEOSYNTHETICS,3,3,0,0,JAGDISH TELANGRAO SHAHU,11
188,E,CEL722,SOLID MECHANICS IN STRUCTURAL ENGG.,3,3,0,0,G.S. BANIPAL,20
189,F,CEL744,GROUND WATER FLOW AND POLLUTION MODELLING,3,3,0,0,A.K.KESHARI,66
190,F,CEL332,DESIGN OF STEEL STRUCTURES,5,3,1,2,SUPRATIC GUPTA,67
191,F,CEL232,CONCRETE MATERIAL & DESIGN,6,3,1,4,S.N. SINHA,83
192,F,CEL776,FUNCTIONAL PLANN.BLDG. SERV.& MAINT. MANAGEMENT,3,3,0,0,B.BHATTACHARJEE,5
193,H,CEL466,CONSTRUCTION EQUIPMENT AND METHODS,3,2,1,0,A.K. JAIN,20
194,H,CEL362,CONSTRUCTION MANAGEMENT,4,3,1,0,J. UMA MAHESWARI,70
195,H,CEL742,FINITE ELEMENTS IN WATER RESOURCES,3,3,0,0,N.K. GARG,8
196,H,CEL724,EARTHQUAKE ANALYSIS AND DESIGN,3,3,0,0,T.K. DATTA,20
197,J,CEL746,HYDROELECTRIC ENGG.,3,3,0,0,RAKESH KHOSA,7
198,K,CEP790,ADVANCED ENVIRONMENTAL ENGG.LAB.,4,1,0,6,ATUL KUMAR MITTAL,12
199,M,CEL844,TRANSPOTATION ECONOMICS & FINANCE,3,3,0,0,GEETAM TEWARI,47
200,P,CES820,INDEPENDENT STUDY,3,0,3,0,G.S. BANIPAL,80
201,P,CEP726,STRUCTURAL ENGG.LAB.,3,0,0,6,S.N. SINHA,28
202,P,CES870,INDEPENDENT STUDY,3,0,3,0,VASANT A. MATSAGAR,1
203,P,CED882,MAJOR PROJECT PART-II,12,0,0,24,GEETAM TEWARI,9
204,P,CED892,MAJOR PROJECT PART-II,12,0,0,24,ARVIND KUMAR NEMA,16
205,P,CED310,MINI PROJECT (CE),3,0,0,6,MUKESH KHARE,34
206,P,CED411,MAJOR PROJECT PART 1 (CE),3,0,0,6,MUKESH KHARE,4
207,P,CED412,MAJOR PROJECT PART 2 (CE),7,0,0,14,MUKESH KHARE,71
208,P,CED701,MINOR PROJECT,3,0,0,6,JAGDISH TELANGRAO SHAHU,2
209,P,CED812,MAJOR PROJECT PART-II,12,0,0,24,JAGDISH TELANGRAO SHAHU,12
210,P,CED821,MAJOR PROJECT PART - I,6,0,0,12,G.S. BANIPAL,1
211,P,CED822,MAJOR PROJECT PART-II,12,0,0,24,G.S. BANIPAL,21
212,P,CED842,MAJOR PROJECT PART-II,12,0,0,24,RAKESH KHOSA,4
213,P,CED871,MAJOR PROJECT PART-I,6,0,0,12,VASANT A. MATSAGAR,80
214,P,CED872,MAJOR PROJECT PART-II,12,0,0,24,VASANT A. MATSAGAR,18
215,P,CED875,MAJOR PROJECT PART-I,6,0,0,12,KUMAR NEERAJ JHA,80
216,P,CED876,MAJOR PROJECT PART-II,12,0,0,24,KUMAR NEERAJ JHA,23
217,R,CEC760,SEMINAR,3,0,0,6,KUMAR NEERAJ JHA,23
218,R,CEP752,ROCK MECHANICS LAB-II,3,0,0,6,K.S. RAO,3
219,R,CEP702,GEOENVIRONMENTAL AND GEOTECHNICAL ENGG.LAB.,3,0,0,6,VENKATA RAMANA GUNTURI,8
220,R,CEP775,CONSTRUCTION MATERIALS & INFORMATION TECH. LAB,3,0,0,6,J. UMA MAHESWARI,15
221,T,CEP770,COMPUTATION LAB FOR CONSTRUCTION MANAGMENT,3,0,0,6,ANIL SAWHNEY,27
222,A,EEL101,FUNDAMENTALS OF ELECT. ENGG.,4,3,0,2,RANJAN KUMAR MALLIK,172
223,A,EEL102,PRINCIPLES OF ELECT.ENGG.,4,3,0,2,INDRA NARAYAN KAR,191
224,A,EEL703,COMPUTER NETWORKS,3,3,0,0,SUBRAT KAR,55
225,A,EEL712,OPTICAL COMMUNICATION SYSTEMS,3,3,0,0,DEVI CHADHA,17
226,A,EEL768,DETECTION AND ESTIMATION THEORY,3,3,0,0,S.D. JOSHI,20
227,A,EEL772,OPTIMAL CONTROL THEORY,3,3,0,0,MASHUQ-UN-NABI,20
228,A,EEL842,POWER CONDITIONING,3,3,0,0,J.K. CHATTERJEE,19
229,B,EEL774,PARAMETER ESTIMATION AND SYSTEM IDENTIFICATION,3,3,0,0,RKP BHATT,12
230,B,EEL818,TELECOMMUNICATION TECHNOLOGIES,3,3,0,0,SUBRAT KAR,23
231,B,EEL745,ELECTRICAL DRIVES SYSTEMS,3,3,0,0,S.S. MURTHY,30
232,C,EEL715,IMAGE PROCESSING,4,3,0,2,BREJESH LALL,71
233,C,EEL322,INTEGRATED CIRCUITS TECHNOLOGY,3,3,0,0,M.JAGADESH KUMAR,9
234,C,EEL784,IC TECHNOLOGY,3,3,0,0,M.JAGADESH KUMAR,26
235,C,EEL209,POWER ELECTRONICS DEVICES & CIRCUITS,4,3,1,0,MUMMADI VEERACHARY,22
236,C,EEL306,COMMUNICATION ENGG.,4,3,1,0,MANAV BHATNAGAR,75
237,D,EEL204,ANALOG ELECTRONICS CIRCUITS,4,3,1,0,G.S. VISWESWARAN,107
238,D,EEL205,SIGNALS & SYSTEMS,4,3,1,0,R.K. PATNEY,204
239,D,EEL782,ANALOG INTEGRATED CIRCUITS,3,3,0,0,SHOURIBRATA CHATTERJEE,31
240,D,EEL841,SOLID STATE CONTROLLERS OF DRIVES,3,3,0,0,G.BHUVANESWARI,24
241,D,EEL707,MULTIMEDIA SYSTEMS,4,3,0,2,SANTANU CHAUDHURY,37
242,D,EEL716,TELECOMMUNICATION SWITCHING AND TRANSMISSION,3,3,0,0,H.M. GUPTA,7
243,D,EEL891,SELECTED TOPICS IN POWER SYSTEMS,3,3,0,0,ABHIJIT RAMCHANDRA ABHYANKAR,28
244,D,EEP204,ELECTRONICS LAB. II,1.5,0,0,3,G.S. VISWESWARAN,101
245,E,EEP211,DESIGN,2,0,0,4,SWADES KUMAR DE,80
246,E,EEP303,POWER ENGINEERING LABORATORY,1.5,0,0,3,BIJAYA KETAN PANIGRAHI,80
247,E,EEL843,COMP.AIDED SIMULATION&DESIGN OF POWER EECT.STSTENS,3,3,0,0,MUMMADI VEERACHARY,12
248,E,EEL731,DIGITAL SIGNAL PROCESSING-I,3,3,0,0,S.C. DUTTAROY,22
249,E,EEL451,POWER SYSTEMS PROTECTION,3,3,0,0,BIJAYA KETAN PANIGRAHI,29
250,E,EEL602,OPERATING SYSTEMS,4,3,0,2,SUMANTRA DUTTA ROY,18
251,E,EEL301,CONTROL ENGINEERING I,4,3,1,0,S. JANARDHANAN,91
252,E,EEL316,DIGITAL COMMUNICATIONS,4,3,0,2,RANJAN BOSE,60
253,E,EEL203,ELECTROMECHANICS,4,3,1,0,BHIM SINGH,121
254,F,EEL308,COMPUTER ARCHITECTURE,4,3,1,0,SANTANU CHAUDHURY,118
255,F,EEL205,SIGNALS & SYSTEMS,4,3,1,0,S.D. JOSHI,204
256,F,EEL453,POWER SYSTEM DYNAMICS AND CONTROL,3,3,0,0,NILANJAN SENROY,27
257,F,EEL704,ROBOTICS AND AUTOMATION,3,3,0,0,RKP BHATT,28
258,F,EEL329,VLSI TECHNOLOGY AND DESIGN,4,3,0,2,BASABI BHAUMIK,27
259,F,EEL833,SELECTED TOPICS IN IEC,3,3,0,0,ASHUTOSH MISHRA,15
260,F,EEL797,POWER SYSTEM DYNAMICS,3,3,0,0,NILANJAN SENROY,20
261,F,EEL845,SPECIAL ELECTROMECHANICAL DEVICES,3,3,0,0,K.R.RAJAGOPAL,16
262,F,EEP305,DRIVES LABORATORY,1.5,0,0,3,K.R.RAJAGOPAL,20
263,F,EEP307,ELECTROMAGNETICS LABORATORY,1.5,0,0,3,DEVI CHADHA,51
264,F,EEL895,BROADBAND COMMUNICATION &INFORMATION SYSTEMS,3,3,0,0,VINOD CHANDRA,51
265,F,EEP308,COMPUTER TECHNOLOGY LABORATORY,1.5,0,0,3,S.M.K. RAHMAN,119
266,H,EEL894,FLEXIBLE AC TRANSIMISSION SYSTEM,3,3,0,0,SUKUMAR MISHRA,23
267,H,EEL747,ELECTRICAL SYSTEMS FOR CONSTRUCTION INDUSTRIES,4,3,0,2,K.R.RAJAGOPAL,29
268,H,EEL324,DIGITAL HARDWARE DESIGN,3,3,0,0,S.M.K. RAHMAN,88
269,J,EEL709,PATTERN RECOGNITION,3,3,0,0,M.HANMANDLU,80
270,J,EEL746,NONCONVENTIONAL ENERGY SYS.&ENERGY CONSERVATION,3,3,0,0,S.S. MURTHY,45
271,J,EEL765,SONAR SYSTEMS ENGINEERING,3,3,0,0,RAJENDRA BAHL,7
272,J,EEL796,POWER SYSTEM CONTROL AND INSTRUMENTATION,3,3,0,0,MOHAN LAL KOTHARI,26
273,J,EEL832,COMPUTER AIDED VLSI DESIGN,3,3,0,0,JAYADEVA,14
274,J,EEL878,ARTIFICIAL INTELLIGENCE FOR CONTROL APPLICATIONS,3,3,0,0,MADAN GOPAL,14
275,K,EEL851,SPECIAL TOPICS IN COMPUTERS I,3,3,0,0,SWADES KUMAR DE,5
276,K,EEL787,MEMORY DESIGN AND TESTING,3,3,0,0,G.S. VISWESWARAN,9
277,K,EEL817,ACCESS NETWORKS,3,3,0,0,SUBRAT KAR,11
278,L,EEL860,WIRELESS COMMUNICATIONS,3,3,0,0,RANJAN KUMAR MALLIK,25
279,M,EEL862,SELECTED TOPICS IN COMMUNICATION ENGINEERING-II,3,3,0,0,S.DHARMARAJA,80
280,M,EEL718,STATISTICAL SIGNAL PROCESSING,3,3,0,0,SHANKAR PRAKRIYA,6
281,P,EES310,INDEPENDENT STUDY (EE),3,0,3,0,SWADES KUMAR DE,14
282,P,EES320,INDEPENDENT STUDY (EP),3,0,3,0,SWADES KUMAR DE,1
283,P,EES837,INDEPENDENT STUDY,3,0,3,0,G.S. VISWESWARAN,1
284,P,EEV402,SPECIAL MODULE IN POWER SYSTEMS; MACHINES AND POWE,1,1,0,0,G.BHUVANESWARI,35
285,P,EEV403,SPECIAL MODULE IN ELECTRICAL MACHINES,1,1,0,0,G.BHUVANESWARI,65
286,P,JMD802,MAJOR PROJECT PART-II,12,0,0,24,BREJESH LALL,7
287,P,JVD799,MINOR PROJECT,3,0,0,6,M.JAGADESH KUMAR,3
288,P,JVD802,MAJOR PROJECT PART-II,12,0,0,24,M.JAGADESH KUMAR,5
289,P,EED898,MAJOR PROJECT PART-II,12,0,0,24,BIJAYA KETAN PANIGRAHI,9
290,P,EED862,MAJOR PROJECT PART-II,12,0,0,24,BREJESH LALL,17
291,P,EED876,MAJOR PROJECT PART-II,12,0,0,24,S. JANARDHANAN,11
292,P,EED889,MAJOR PROJECT PART-II,12,0,0,24,G.S. VISWESWARAN,16
293,P,EED895,MAJOR PROJECT,40,0,0,80,G.BHUVANESWARI,8
294,P,EED411,MAJOR PROJECT PART 1 (EE),3,0,0,6,SHANKAR PRAKRIYA,1
295,P,EED412,MAJOR PROJECT PART 2 (EE),7,0,0,14,SHANKAR PRAKRIYA,40
296,P,EED421,MAJOR PROJECT PART 1 (EP),3,0,0,6,SHANKAR PRAKRIYA,3
297,P,EED422,MAJOR PROJECT PART 2 (EP),7,0,0,14,SHANKAR PRAKRIYA,16
298,P,EED701,MINOR PROJECT,2,0,0,4,SUMANTRA DUTTA ROY,15
299,P,EED750,MINOR PROJECT (EI),3,0,0,6,M.HANMANDLU,4
300,P,EED790,MINOR PROJECT,3,0,0,6,BIJAYA KETAN PANIGRAHI,18
301,P,EED801,MAJOR PROJECT PART-I,6,0,0,12,SUMANTRA DUTTA ROY,80
302,P,EED802,MAJOR PROJECT PART-II,12,0,0,24,SUMANTRA DUTTA ROY,12
303,P,EED830,MINOR PROJECT,3,0,0,6,G.S. VISWESWARAN,1
304,P,EED841,MINOR PROJECT,3,0,0,6,J.K. CHATTERJEE,70
305,P,EED843,MAJOR PROJECT PART -II,12,0,0,24,J.K. CHATTERJEE,16
306,P,EED851,MAJOR PROJECT PART 1 (EI),6,0,0,12,M.HANMANDLU,1
307,P,EED852,MAJOR PROJECT PART 2 (EI),14,0,0,28,BREJESH LALL,14
308,P,EED853,MAJOR PROJECT PART 1 (EI),4,0,0,8,M.HANMANDLU,80
309,P,EED860,MINOR PROJECT,3,0,0,6,BREJESH LALL,23
310,P,EED310,MINI PROJECT (EE),3,0,0,6,SWADES KUMAR DE,42
311,P,EED320,MINI PROJECT (EP),3,0,0,6,SWADES KUMAR DE,10
312,P,DTD899,DOCTORAL THESIS,0,0,0,0,G.BHUVANESWARI,992
313,R,EEP775,TELECOMMUNICATION NETWORKS LAB,3,0,1,4,SUBRAT KAR,16
314,S,EEP785,IEC LABORATORY-II,3,0,0,6,JAYADEVA,12
315,S,EEP843,ELECTRIC DRIVES LABORATORY,1.5,0,0,3,G.BHUVANESWARI,22
316,S,EEP702,SOFTWARE LAB,2,0,0,4,SUBRAT KAR,34
317,S,EEP703,COMPUTER NETWORKS LAB,2,0,0,4,SUBRAT KAR,19
318,S,EEP874,PROJECT LABORATORY,4,0,1,6,MADAN GOPAL,10
319,S,EEP221,DESIGN (EP),2,0,0,4,J.K. CHATTERJEE,22
320,T,EEP844,MICROPROCESSORS AND DSP LABORATORY,1.5,0,0,3,MUMMADI VEERACHARY,20
321,T,EEP736,PHYSICAL DESIGN LAB,3,0,0,6,SHOURIBRATA CHATTERJEE,4
322,T,EEP798,POWER SYSTEM LABORATORY-II,2,0,0,4,NILANJAN SENROY,18
323,A,HUL212,MICROECONOMICS,4,3,1,0,V. UPADHYAY,83
324,A,HUL213,MACRO ECONOMICS,4,3,1,0,V. UPADHYAY,80
325,A,HUL214,INTERNATIONAL ECONOMICS,4,3,1,0,V. UPADHYAY,79
326,A,HUL232,MODERN INDIAN FICTION IN TRANSLATION,4,3,1,0,SYAMALA KALLURY,48
327,A,HUL236,AN INTRODUCTION TO DRAMA,4,3,1,0,AMRIT SRINIVASAN,63
328,A,HUL239,INDIAN WRITING IN ENGLISH,4,3,1,0,STUTI KHANNA,34
329,A,HUL256,CRITICAL THINKING,3,2,1,0,BIJOY H.BORUAH,68
330,A,HUL261,PSYCHOLOGICAL BASIS OF BEHAVIOUR,4,3,1,0,KAMLESH SINGH,62
331,A,HUL263,ORGANIZATIONAL PSYCHOLOGY,4,3,1,0,PURNIMA SINGH,76
332,A,HUL267,POSITIVE PSYCHOLOGY,4,3,1,0,AMULYA KHURANA,83
333,A,HUL273,SCIENCE; TECHNOLOGY AND SOCIETY,4,3,1,0,P. VIGNESWARA ILAVARASAN,28
334,A,HUL275,ENVIRONMENT; DEVELOPMENT AND SOCIETY,4,3,1,0,VIBHA ARORA,75
335,A,HUL281,MIND; MACHINES AND LANGUAGE,4,3,1,0,SHANTANU GHOSH,47
336,A,HUL282,SYSTEM AND STRUCTURE: AN INTRODUCTION TO COMMUNICA,4,3,1,0,PRITHA CHANDRA,76
337,A,HUL286,SOCIAL SCIENCE APPROACHES TO DEVELOPMENT,3,2,1,0,RAVINDER KAUR,58
338,A,HUL289,PERSPECTIVE ON SCIENCE TECHNOLOGY& HUMAN DEVPT,4,3,1,0,AMBUJ D. SAGAR,16
339,B,HUL271,SOCIOLOGY: THE SCIENCE OF PRAXIS,4,3,1,0,FARHANA IBRAHIM,79
340,B,HUL707,SOCIAL PSYCHOLOGY,3,2,1,0,PURNIMA SINGH,33
341,B,HUL709,SOCIAL RESEARCH METHODS,3,2,1,0,P. VIGNESWARA ILAVARASAN,12
342,B,HUL231,AN INTRODUCTION TO LITERATURE,4,3,1,0,ANGELIE MULTANI,65
343,M,HUL251,INTRODUCTION TO LOGIC,4,3,1,0,C.A.TOMY,80
344,M,HUL234,LANGUAGE AND COMMUNICATION,4,3,1,0,RUKMINI BHAYA NAIR,79
345,M,HUL754,SCIENCE TECHNOLOGY AND SOCIETY,3,2,1,0,AMBUJ D. SAGAR,6
346,M,HUL759,URBAN SOCIAL SYSTEMS,3,3,0,0,FARHANA IBRAHIM,6
347,M,HUL810,COMMUNICATION SKILLS,3,3,0,0,SYAMALA KALLURY,152
348,M,HUL881,ELEMENTS OF THE NARRATIVE ART,3,3,0,0,ANGELIE MULTANI,13
349,M,HUL706,"LANGUAGE, SOCIETY AND CULTURE",3,2,1,0,PRITHA CHANDRA,3
350,P,HUN100,INTRO. TO HUMANITIES & SOCIAL SCIENCES,1,1,0,0,AMRIT SRINIVASAN,398
351,P,HUP102,PSYCHOLOGY LABORATORY,1,0,0,2,KAMLESH SINGH,30
352,P,HUC722,SEMINAR,3,0,0,6,RAVINDER KAUR,43
353,A,SML302,ENTREPRENEURSHIP MANAGEMENT,4,3,1,0,SUDHIR KUMAR JAIN,100
354,A,SML401,MANAGERIAL ACCONTING & FINANCIAL MANAGEMENT,4,3,1,0,SURENDRA SINGH YADAV,86
355,B,SML745,OPERATIONS MANAGEMENT,3,3,0,0,D.K.BANWET,107
356,B,SML780,MANAGERIAL ECONOMICS,3,2,0,2,SEEMA SHARMA,98
357,B,SML843,SUPPLY CHAIN MANAGEMENT,3,3,0,0,RAVI SHANKAR,43
358,C,SML720,BUSINESS ENVIRONMENT AND CORPORATE STRATEGIES,3,2,0,2,MAHIM SAGAR,67
359,D,SML716,FUNDAMENTAL OF M & S,3,3,0,0,SUSHIL,45
360,D,SMV896,HUMAN VALUES IN MANAGEMENT,1,1,0,0,KANIKA TANDON BHAL,108
361,E,SMV794,COMMUNICATION SKILLS,1.5,1,0,1,HARISH CHOUDHARY,55
362,E,SML840,MANUFACTURING STRATEGY,3,3,0,0,D.K.BANWET,9
363,F,SML731,HUMAN RESOURCE MANAGEMENT,3,3,0,0,KANIKA TANDON BHAL,78
364,H,SML760,MARKETING MANAGEMENT,3,2,0,2,MAHIM SAGAR,26
365,H,SMV793,STAT.FOR MANAGEMENT,1,1,0,0,SEEMA SHARMA,103
366,H,SML873,SECURITY ANALYSIS & PROOF MANAGEMENT,3,2,0,2,SURENDRA SINGH YADAV,56
367,J,SML855,ELECTRONIC COMMERCE,3,2,0,2,MANMOHAN PRASAD GUPTA,49
368,J,SML728,INTERNATIONAL TELECOM MANAGEMENT,3,3,0,0,V. GAUTAM,11
369,K,SML830,ORGANIZATION STRUCTURE AND PROCESSES,3,3,0,0,V. GAUTAM,9
370,K,SMV895,MANAGEMENT RESEARCH METHODOLOGY,1,1,0,0,KANIKA TANDON BHAL,46
371,L,SML871,ACCOUNTING FOR DECISION MAKING,3,2,0,2,P.K.JAIN,56
372,L,SML770,MANAGEMENT ACCOUNTS AND FINANCIAL MANAGEMENT,3,2,0,2,P.K.JAIN,52
373,L,SMD792,MINOR PROJECT,3,0,0,6,SEEMA SHARMA,19
374,L,SMD890,PROJECT,6,0,0,12,KANIKA TANDON BHAL,108
375,M,SML726,"TELECOMM SYSTEM ANALYSIS, PLANNING & DESIGN",3,3,0,0,RAVI SHANKAR,26
376,M,SML717,BUSINESS SYSTEMS ANALYSIS AND DESIN,3,2,0,2,MANMOHAN PRASAD GUPTA,45
377,M,SML828,GLOBAL STRATEGIC MANAGEMENT,3,3,0,0,SUSHIL,64
378,X,SML701,STRATEGIC TECHNOLOGY MANAGEMENT,3,2,0,2,RAVI SHANKAR,48
379,Y,SML703,MANAGEMENT OF TECHNOLOGY TRANSFER,3,2,0,2,MAHIM SAGAR,46
380,Y,SML863,ADVERTISING &SALES PROMOTION MANAGEMENT,3,3,0,0,HARISH CHOUDHARY,76
381,Z,SML802,MANAGEMENT OF IPR,3,3,0,0,SUDHIR KUMAR JAIN,84
382,Z,SML713,INFORMATION SYSTEMS MANAGEMENT,3,2,0,2,MANMOHAN PRASAD GUPTA,107
383,A,MAL518,METHODS OF APPLIED MATHEMATICS,4,3,1,0,V.V.K. SRINIVAS KUMAR,38
384,B,MAL358,OPERATING SYSTEMS,4,3,0,2,BHAWANI SANKAR PANDA,47
385,B,MAL514,COMPLEX ANALYSIS,4,3,1,0,SUBIMAN KUNDU,48
386,B,MAL250,PROBABILITY & STOCHASTIC PROCESSES,4,3,1,0,S.DHARMARAJA,79
387,C,MAL124,INTRO. TO ALGEBRA & MATRIX ANALYSIS,4,3,1,0,RITUMONI SARMA,211
388,C,MAL140,PROBABILITY & STATISTICS,4,3,1,0,A. NAGABHUSHANANM,120
389,C,MAL120,MATHEMATICS II,4,3,1,0,RAJENDRA KUMAR SHARMA,445
390,C,MAL122,REAL & COMPLEX ANALYSIS,4,3,1,0,ANIMA NAGAR,61
391,C,MAL715,DIGITAL IMAGE PROCESSING,4,3,0,2,BREJESH LALL,44
392,D,MAL335,DIFFERENTIAL EQUATIONS,4,3,1,0,S.CHANDRA SEKHARA RAO,27
393,D,MAL342,ANALYSIS & DESIGN OF ALGORITHMS,4,3,1,0,BHAWANI SANKAR PANDA,29
394,D,MAL728,CATEGORY THEORY,4,3,1,0,WAGISH SHUKLA,40
395,E,MAL230,NUM. METHODS & COMPUTATION,4,3,1,0,S.CHANDRA SEKHARA RAO,40
396,E,MAL602,FUNCTIONAL ANALYSIS,4,3,1,0,SUBIMAN KUNDU,30
397,E,MAL390,STATISTICAL METHODS AND ALGORITHMS,4,3,1,0,A. NAGABHUSHANANM,43
398,E,MAL526,COMPUTER ORIENTED OPERATIONS RESEARCH,4,3,0,2,APARNA MEHRA,37
399,F,MAL524,NUMERICAL ANALYSIS,4,3,1,0,MANI MEHRA,43
400,F,MAL732,FINANCIAL MATHEMATICS,4,3,1,0,S.DHARMARAJA,29
401,H,MAL734,ALGEBRAIC GEOMETRY,4,3,1,0,J.B. SRIVASTAVA,37
402,H,MAL755,ALGEBRAIC GEOMETRY,4,3,1,0,J.B. SRIVASTAVA,7
403,H,MAL522,STATISTICAL INFERENCE,4,3,1,0,B.R. HANDA,39
404,J,MAL516,ALGEBRA,4,3,1,0,RITUMONI SARMA,38
405,J,MAL704,NUMERICAL OPTIMIZATION,4,3,0,2,SURESH CHANDRA,35
406,K,MAL710,DATABASE MANAGEMENT SYSTEMS,4,3,0,2,RAJENDRA KUMAR SHARMA,58
407,K,MAL617,COMBINATORIAL METHODS,4,3,1,0,A. TRIPATHI,3
408,K,MAL146,COMBINATORICS,4,3,1,0,A. TRIPATHI,23
409,L,MAL708,COMPUTER ORGANIZATION & OPERATING SYSTEMS,4,3,0,2,RAJENDRA KUMAR SHARMA,17
410,M,MAL260,BOUNDARY VALUE PROBLEMS,4,3,1,0,KONIJETI SREENADH,14
411,M,MAL863,ALGEBRAIC NUMBER THEORY,3,3,0,0,RAJENDRA KUMAR SHARMA,25
412,P,MAP702,COMPUTING LAB - II,2,0,0,4,RAM LAL,57
413,P,MAP706,SCIENTIFIC SOFTWARE LABORATORY,3,0,0,6,MRS JAYA,25
414,P,MAD853,MAJOR PROJECT PART 1 (MT),4,0,0,8,APARNA MEHRA,70
415,P,MAD854,MAJOR PROJECT PART 2 (MT),16,0,0,32,APARNA MEHRA,3
416,P,JCS800,INDEPENDENT STUDY,3,3,0,0,NAVEEN GARG,3
417,P,MAD350,MINI PROJECT (MT),3,0,0,6,KONIJETI SREENADH,10
418,P,MAD704,PROJECT PART - II,4,0,0,8,WAGISH SHUKLA,30
419,P,MAD852,MAJOR PROJECT PART 2 (MT),14,0,0,28,APARNA MEHRA,25
420,P,MAL630,PARTIAL DIFFERENTIAL EQUATIONS,4,3,1,0,KONIJETI SREENADH,1
421,P,MAL601,TOPOLOGY,4,3,1,0,WAGISH SHUKLA,1
422,P,JCD799,MINOR PROJECT,3,0,0,6,NAVEEN GARG,6
423,P,JCD802,MAJOR PROJECT PART-II,12,0,0,24,NAVEEN GARG,21
424,X,MAL731,INTRO TO CHAOTIC DYNAMICAL SYSTEMS,4,3,1,0,ANIMA NAGAR,14
425,A,MEL336,ADVANCES IN WELDING,4,3,0,2,SUNIL PANDEY,11
426,A,MEL746,DESIGN FOR NOISE VIBARATION & HARSHNESS,4,3,0,2,KSHITIJ GUPTA,8
427,A,MEL756,SUPPLY CHAIN MANAGEMENT,4,3,0,2,MAKARAND SHRIKRISHNA KULKARNI,11
428,A,MEL778,DESIGN & METALLURGY OF WELDED JOINTS,4,3,0,2,SUNIL PANDEY,10
429,A,MEL802,CONVECTION HEAT & MASS TRANSFER,3,3,0,0,ANJAN RAY,22
430,A,MEL832,MULTIBODY SYSTEMS & VIBRATION DESIGN,4,3,0,2,SUBIR KUMAR SAHA,9
431,B,MEL806,THERMAL SYSTEMS SIMULATION & DESIGN,3,2,0,2,SANGEETA KOHLI,17
432,B,MEL796,RAPID PROTOTYING AND TOLING,4,3,0,2,P M PANDEY,10
433,B,MEL752,QUALITY ASSURANCE,4,3,0,2,A.D. GUPTA,8
434,B,MEL742,OPTIMUM DESIGN OF MAECHANICAL SYSTEMS,4,3,0,2,T.K. KUNDRA,10
435,B,MEL432,MICROPROCESSOR APPLICATIONS IN MANUFACTURING,4,3,0,2,I.P. SINGH,46
436,B,MEL110,GRAPHIC SCIENCE,4,2,0,4,SUBODH VASANT MODAK,292
437,B,MEL120,MANUFACTURING PRACTICES,4,2,0,4,SUDARSAN GHOSH,271
438,B,MEL235,METROLOGY & QUALITY ASSURANCE,4,3,0,2,A.D. GUPTA,37
439,B,MEL241,ENERGY CONVERSION,4,3,0,2,M.R. RAVI,101
440,C,MEL334,LOW COST AUTOMATION,4,3,0,2,SUNIL JHA,28
441,C,MEL743,PLANT EQUIPMENT DESIGN,4,3,0,2,KSHITIJ GUPTA,12
442,C,MEL754,OPERATIONS PLANNING AND CONTROL,4,3,0,2,MAKARAND SHRIKRISHNA KULKARNI,11
443,C,MEL818,MULTIPHASE FLOWS,4,2,0,4,S.R. KALE,20
444,D,MEL769,METAL FORMING ANALYSIS,4,3,0,2,DIGAVALLI RAVI KUMAR,14
445,D,MEL804,CONDUCTION AND RADIATION HEAT TRANSFER,3,3,0,0,PRABAL TALUKDAR,17
446,D,MEL740,INSTRUMENTATION & AUTOMATIC CONTROL SYSTEMS,4,3,0,2,SATINDER PAUL SINGH,20
447,D,MEL312,CONTROL THEORY AND APPLICATIONS,5,3,1,2,JAYANTA KUMAR DUTT,66
448,D,MEL322,OPERATIONS PLANNING AND CONTROL,4,3,0,2,MAKARAND SHRIKRISHNA KULKARNI,31
449,D,MEL140,ENGINEERING THERMODYNAMICS,4,3,1,0,B. PREMACHANDRAN,127
450,E,MEL140,ENGINEERING THERMODYNAMICS,4,3,1,0,P.L. DHAR,127
451,E,MEL710,AIR-CONDITIONING,4,3,0,2,SANJEEV JAIN,1
452,E,MEL345,INTERNAL COMBUSTION ENGINES,4,3,0,2,J.P. SUBRAMANYAM,57
453,E,MEL422,PROJECT MANAGEMENT,4,3,0,2,ARUN KANDA,43
454,E,MEL431,CNC MACHINES AND PROGRAMMING,4,3,0,2,P.V.MADHUSUDHAN RAO,31
455,E,MEL784,CNC TECHNOLOGY & PROGRAMMING,4,3,0,2,P.V.MADHUSUDHAN RAO,13
456,E,MEL760,PROJECT MANAGEMENT,3,2,0,2,ARUN KANDA,32
457,E,MEP202,DESIGN INNOVATIION & MANUFACTURING,2,0,0,4,S.R. KALE,117
458,F,MEP311,MECHANISMS LABORATORY,1,0,0,2,RAHUL RIBEIRO,72
459,F,MEP331,PROCESS ENGINEERING AND TOOL DESIGN PROJECT,3,1,0,4,SUNIL PANDEY,29
460,F,MEP341,THERMAL ENGINEERING LABORATORY,1.5,0,0,3,SANGEETA KOHLI,66
461,F,MEL786,METROLOGY,3,2,0,2,P.VENKATESWARA RAO,15
462,F,MEL792,INJECTION MOLDING AND MOLD DESIGN,3,2,0,2,NARESH BHATNAGAR,4
463,F,MEL426,MATERIALS MANAGEMENT,4,3,0,2,MAKARAND SHRIKRISHNA KULKARNI,15
464,F,MEL343,FUELS; COMBUSTION AND POLLUTION,4,3,0,2,ANJAN RAY,63
465,F,MEL436,INJECTION MOULDING AND MOULD DESIGN,4,2,0,4,NARESH BHATNAGAR,8
466,F,MEL661,MATERIALS MANAGEMENT,3,2,0,2,MAKARAND SHRIKRISHNA KULKARNI,1
467,F,MEL709,HEAT EXCHANGERS,4,3,0,2,SANGEETA KOHLI,70
468,F,MEL232,"CASTING,WELDING &FORMING",4,3,0,2,SIVANANDAM ARAVINDAN,81
469,F,MEL234,METAL FORMING & MACHINING,5,3,1,2,DIGAVALLI RAVI KUMAR,39
470,H,MEL321,ERGONOMICS,4,3,0,2,DINESH MOHAN,48
471,H,MEL716,MICRO/NANO SCALE HEAT TRANSFER,4,3,0,2,SANJEEV JAIN,10
472,H,MEL780,CASTING TECHNOLOGY,4,3,0,2,R SAGAR,14
473,H,MEL868,OPERATIONS RESEARCH II,3,3,0,0,KIRAN SETH,12
474,J,MEL712,ADVANCED POWER PLANT CYCLES,4,2,0,4,P.M.V.SUBBARAO,23
475,K,MEL341,GAS DYNAMICS AND PROPULSION,4,3,0,2,P.M.V.SUBBARAO,45
476,P,MES860,INDEPENDENT STUDY,3,0,3,0,SUDIPTO MUKHERJEE,70
477,P,MED895,MAJOR PROJECT,40,0,0,80,ANJAN RAY,4
478,P,MED812,MAJOR PROJECT PART-II,12,0,0,24,SANGEETA KOHLI,14
479,P,MED832,MAJOR PROJECT PART-II,12,0,0,24,A K DARPE,17
480,P,MED862,MAJOR PROJECT PART-II,12,0,0,24,MAKARAND SHRIKRISHNA KULKARNI,11
481,P,MED882,MAJOR PROJECT PART-II,12,0,0,24,P M PANDEY,11
482,P,JGD802,MAJOR PROJECT PART-II,12,0,0,24,SANGEETA KOHLI,70
483,P,MEC601,MECHANICAL ENGINEERING SEMINARS,1,0,1,0,SANGEETA KOHLI,15
484,P,MED310,MINI PROJECT (ME),4,0,0,8,SUDIPTO MUKHERJEE,47
485,P,MED320,MINI PROJECT (PE),4,0,0,8,SUDIPTO MUKHERJEE,22
486,P,MED411,MAJOR PROJECT PART 1 (ME),3,0,0,6,P.VENKATESWARA RAO,70
487,P,MED412,MAJOR PROJECT PART 2 (ME),7,0,0,14,P.VENKATESWARA RAO,64
488,P,MED421,MAJOR PROJECT PART 1 (PE),3,0,0,6,P.VENKATESWARA RAO,1
489,P,MED422,MAJOR PROJECT PART 2 (PE),7,0,0,14,P.VENKATESWARA RAO,28
490,A,PHL552,ELECTRODYNAMICS,4,3,1,0,AMRUTA MISHRA,36
491,A,PHL756,FOURIER OPTICS AND OPTICAL INFORMATION PROCESSING,3,3,0,0,P.SENTHILKUMARAN,18
492,B,PHL754,OPTICAL INSTRUMENTS AND METROLOGY,3,3,0,0,B.D. GUPTA,18
493,B,PHL800,NUMERICAL & COMPUTATIONAL METHODS IN RESEARCH,3,3,0,0,ANURAG SHARMA,18
494,B,PHL558,APPLIED OPTICS,4,3,1,0,ARUN KUMAR,43
495,B,EPL444,FUNCTIONAL NANOSTRUCTURES,3,3,0,0,JITENDRA PRATAP SINGH,13
496,B,EPL206,SOLID STATE PHYSICS,4,3,1,0,RAJENDRA SINGH,60
497,C,EPL208,PRIINCIPLES OF ELECTRODYNAMICS AND PLASMAS,4,3,1,0,HITENDRA KUMAR MALIK,48
498,C,PHL554,CONCEPTS OF SOLIDS,4,3,1,0,S.C. KASHYAP,37
499,D,PHL110,FIELDS AND WAVES,4,3,1,0,D.RANGANATHAN,217
500,D,PHL120,PHYSICS OF MATERIALS,4,3,1,0,VARSHA BANERJEE,303
501,D,EPL336,SEMICONDUCTOR OPTOELECTRONICS,4,3,1,0,GADDAM VIJAYA PRAKASH,15
502,D,PHL702,SCIENCE AND TECHNOLOGY OF THIN FILMS,3,3,0,0,V.D. VANKAR,50
503,D,PHL792,OPTICAL ELECTRONICS,3,3,0,0,M.R. SHENOY,45
504,E,PHL891,GUIDED WAVE OPTICAL COMPONENTS & DEVICERS,3,3,0,0,B.P. PAL,26
505,E,PHL704,SEMICONDUCTOR DEVICE TECHNOLOGY,3,3,0,0,MUKESH CHANDER,28
506,E,PHL655,LASER PHYSICS,3,3,0,0,A.K. SHUKLA,46
507,E,EPL333,COMPUTATIONAL PHYSICS,4,3,0,2,H.C. GUPTA,15
508,E,EPL443,HOLOGRAPHY AND OPTICAL INFORMATION PROCESSING,3,3,0,0,JOBY JOSEPH,37
509,E,EPP110,PHYSICAL SYSTEM DESIIGN,2,0,0,4,SANTANU GHOSH,42
510,F,EPL337,MATERIALS SCIENCE AND ENGINEERING,4,3,1,0,PANKAJ SRIVASTAVA,33
511,F,EPL204,THERMAL & STATISTICAL,4,3,1,0,NEERAJ KHARE,55
512,F,PHL556,STATISTICAL MECHANICS,4,3,1,0,AJIT KUMAR,40
513,F,PHL726,NANOSTRUCTURED MATERIALS,3,3,0,0,D.K. PANDYA,35
514,F,PHL752,LASER SYSTEMS AND APPLICATIONS,3,3,0,0,ALOKA SINHA,16
515,H,PHL758,THEORY AND APPLICATIONS OF HOLOGRAPHY,3,3,0,0,KEHAR SINGH,18
516,H,PHL657,PLASMA PHYSICS,3,3,0,0,R.D. TAREY,4
517,H,EPL202,QUANTUM MECHANICS & ITS APPLICATIONS,4,3,1,0,SANKALPA GHOSH,54
518,H,EPL332,NUCLEAR SCIENCE AND ENGINEERING,3,3,0,0,SANTANU GHOSH,63
519,J,PHL744,ADVANCED TOPICS IN QUANTUM MECHANICS,3,3,0,0,D.RANGANATHAN,45
520,P,PHP562,LAB-II ELECTIVE (PE/OE),6,3,0,0,V.D. VANKAR,37
521,P,PHP712,SOLID STATES MATERIALS LAB-II,4.5,0,0,9,RAJENDRA SINGH,15
522,P,PHP762,OPTICS LABORATORY-II,3,0,0,6,P.SENTHILKUMARAN,16
523,P,PHP853,ADVANCED OPTICAL WORKSHOP,3,0,0,6,RAKESH KUMAR,70
524,P,EPP216,PHYSICS LABORATORY - III,3,0,0,6,SUJEET CHAUDHARY,39
525,P,EPS310,INDEPENDENT STUDY (PH),3,0,3,0,SANKALPA GHOSH,1
526,P,PHD652,PROJECT II,6,0,0,12,VARSHA BANERJEE,29
527,P,PHD802,MAJOR PROJECT PART-II,12,0,0,24,NEERAJ KHARE,14
528,P,PHD852,MAJOR PROJECT PART-II,12,0,0,24,JOBY JOSEPH,13
529,P,EPD310,MINI PROJECT (PH),3,0,0,6,A.K. SHUKLA,20
530,P,EPD411,MAJOR PROJECT PART 1 (PH),3,0,0,6,GADDAM VIJAYA PRAKASH,5
531,P,EPD412,MAJOR PROJECT PART 2 (PH),7,0,0,14,GADDAM VIJAYA PRAKASH,30
532,Q,PHP100,PHYSICS LABORATORY,2,0,0,4,ALOKA SINHA,363
533,A,TTL763,TECHNICAL TEXTILES,3,2,1,0,R.ALAGIRUSAMY,33
534,B,TTL714,PHYSICAL PROPERTIES OF FIBRES,3,3,0,0,B.L. DEOPURA,18
535,B,TTL733,SELECTED TOPICS IN FABRIC MANUFACTURE,3,2,1,0,V.K. KOTHARI,28
536,B,TTL212,MANUFACTURED FIBRE TECHNOLOGY,4,3,1,0,MANJEET JASSAL,54
537,C,TTL773,DESIGN OF EXPERIMENT & STATISTICAL TECHNIQUES,3,3,0,0,DIPAYAN DAS,33
538,C,TTP212,MANUFACTURED FIBRE TECHNOLOGY,1,0,0,2,SOURABH GHOSH,69
539,D,TTL830,MODELING AND SIMULATION IN FABROUS ASSEMBLIES,3,2,0,2,AMIT RAWAL,10
540,D,TTP222,YARN MANUFACTURE LABORATORY II,1,0,0,2,R.ALAGIRUSAMY,56
541,D,TTL744,ENVIRONMENT MANAGEMENT IN TEXTILE AND ALLIED INDUS,3,3,0,0,BHUVANESH GUPTA,27
542,D,TTL232,FABRIC MANUFACTURE II,4,3,1,0,P.K. BANERJEE,52
543,D,TTL310,HIGH PERFORMANCE FIBROUS STRUCTURES AND COMPOSITES,3,3,0,0,B.L. DEOPURA,80
544,E,TTL351,APPAREL TECHNOLOGY,3,2,0,2,DEEPTI GUPTA,1
545,E,TTL222,YARN MANUFACTURE II,4,3,1,0,APURBA DAS,55
546,E,TTL740,SCIENCE & APPLICATION OF NANOTECHNOLOGY IN TEXTILE,3,3,0,0,MANGALA JOSHI,69
547,E,TTP232,FABRIC MANUFACTURE LAB.II,2,0,0,4,ABHIJIT MUJUMDAR,56
548,E,TTL782,NONWOVEN SCIENCE & ENGINEERING,3,3,0,0,DIPAYAN DAS,5
549,F,TTL762,MANAGEMENT OF TEXTILE PRODUCTION,3,3,0,0,S.M. ISHTIAQUE,36
550,F,TTL715,TECHNOLOGY OF SOLUTION SPUN FIBRES,3,3,0,0,ASHWINI K. AGRAWAL,19
551,F,TTL365,COSTING AND ITS APPLICATION IN TEXTILES,4,3,1,0,R.S. RENGASAMY,69
552,F,TTP242,TECHNOLOGY OF TEXTILE COLORATI0N LABORATORY,1.5,0,0,3,B.S. BUTOLA,55
553,F,TTP716,FIBRE PRODUCTION & POST SPINNING OPERATION LAB.,2,0,0,4,MANGALA JOSHI,17
554,F,TTL242,TECHNOLOGY OF TEXTILE COLORATION,4,3,1,0,B.S. BUTOLA,56
555,H,TTL344,POLYMERS AND SURFACTANTS FOR TEXTILES,3,3,0,0,MANJEET JASSAL,80
556,H,TTL746,MEDICAL TEXTILES,3,3,0,0,SOURABH GHOSH,42
557,H,TTL765,PRODUCT DEVELOPMENT,3,2,1,0,R. CHATTOPADHYAY,18
558,P,TTP762,EVALUATION OT TEXTILE,1,0,0,2,SAMRAT MUKHOPADHYAY,28
559,P,TTR310,PROFESSIONAL PRACTICES (TT),2,0,1,2,DEEPTI GUPTA,74
560,P,TTD894,MAJOR PROJECT PART-II,12,0,0,24,APURBA DAS,15
561,P,TTD310,MINI PROJECT (TT),3,0,0,6,SAMRAT MUKHOPADHYAY,22
562,P,TTD411,MAJOR PROJECT PART 1 (TT),3,0,0,6,DIPAYAN DAS,1
563,P,TTD412,MAJOR PROJECT PART 2 (TT),7,0,0,14,DIPAYAN DAS,40
564,P,TTD892,MAJOR PROJECT PART-II,12,0,0,24,MANGALA JOSHI,4
565,A,CRL712,RF AND MICROWAVE ACTIVE CIRCUITS,3,3,0,0,S.K. KAUL,28
566,B,CRL704,SENSOR ARRAY SIGNAL PROCESSING,3,3,0,0,MONIKA AGGARWAL,14
567,B,CRL725,TECHNOLOGY OF RF AND MICROWAVE SOLID STATE DEVICES,3,3,0,0,VIKAS RANA,34
568,C,CRL732,SELECTED TOPICS IN RFDT-II,3,3,0,0,B.S. PANWAR,6
569,D,CRL702,ARCHITECTURES AND ALGORITHMS FOR DSP SYSTEMS,4,2,0,4,ARUN KUMAR,33
570,M,CRL724,RF AND MICROWAVE MEASUREMENT SYSTEM TECHNIQUES,3,3,0,0,SUNEET TULI,35
571,P,CRD812,MAJOR PROJECT PART 2,12,0,0,24,B.S. PANWAR,21
572,R,CRP718,RF AND MICROWAVE MEASUREMENT LAB.,3,0,0,6,S.K. KAUL,35
573,A,ASL706,PARAMETERIZATION OF PHYSICAL PROCESS,3,3,0,0,U.C. MOHANTY,19
574,B,ASL830,GENERAL METEROLOGY,3,3,0,0,PRAMILA GOEL,8
575,C,ASL712,AIR-SEA INTERACTION,3,3,0,0,A.D. RAO,14
576,D,ASL707,MATHEMATICAL & STATISTICAL METHODS IN ATMOSPHERIC,3,3,0,0,KRISHNA ACHUTA RAO,18
577,H,ASL808,ATMOSPHERIC CHEMISTRY AND AEROSOLS,3,3,0,0,MANJU MOHAN,14
578,J,ASL840,DYNAMIC METEOROLOGY,3,3,0,0,S.K. DUBE,6
579,P,ASD892,MAJOR PROJECT PART-II,12,0,0,24,MANJU MOHAN,3
580,P,ASD891,MAJOR PROJECT PART-I,6,0,0,12,MANJU MOHAN,4
581,P,ASP752,SIMULATION LAB-II OBJECTIVE ANALYSIS AND DATA,3,0,0,6,O.P. SHARMA,16
582,Y,ASL410,NUMERICAL SIMULATION OF ATMOSPHERIC AND OCEANIC PH,4,3,0,2,S.K. DASH,28
583,H,BML710,INDUSTRIAL BIOMATERIAL TECHNOLOGY,3,3,0,0,VEENA KOUL,6
584,J,BML820,BIOMATERIALS,3,3,0,0,HARPAL SINGH,66
585,M,BML330,TOPICS ON SAFETY PRINCIPLES FOR ENGINEERS,4,3,0,2,DINESH MOHAN,74
586,P,BMV850,EMERGING BIO-MEDICAL TECHNOLOGY AND HEALTH CARE,1,1,0,0,SNEH ANAND,75
587,A,ESL750,ECONOMICS & PLANNING OF ENERGY SYSTEMS,3,3,0,0,T.C. KANDPAL,27
588,B,ESL720,ENERGY CONSERVATION,3,3,0,0,S.C. KAUSHIK,99
589,B,ESL360,DIRECT ENERGY CONVERSION,4,3,1,0,A. GANGULI,13
590,C,ESL710,"ENERGY,ECOLOGY AND ENVIRONMENT",3,3,0,0,L.M. DAS,56
591,D,ESL730,DIRECT ENERGY CONVERSION,3,3,0,0,H.D.PANDEY,30
592,E,ESL784,COGENERATION AND ENERGY EFFICIENCY,3,3,0,0,S.C. MULLICK,44
593,F,ESL875,ALTERNATIVE FUELS FOR TRANSPORTATION,3,3,0,0,M.K.G. BABU,6
594,F,ESL711,FUEL TECHNOLOGY,3,3,0,0,D.K. SHARMA,22
595,H,ESL871,ADVANCAED FUSION ENERGY,3,3,0,0,R.P. SHARMA,6
596,J,ESL840,SOLAR ARCHITECTURE,3,3,0,0,G.N. TEWARI,45
597,K,ESL718,"POWER GENERATION ,TRANSMISSION & DISTRIBUTION",3,3,0,0,T.S.BHATTI,35
598,O,ESL725,ENERGY AUDITING,1,1,0,0,K.A. SUBRAMANIAN,27
599,P,ESP700,ENERGY LABORATORIES,3,0,0,6,G.N. TEWARI,37
600,P,JED802,MAJOR PROJECT PART-II,12,0,0,24,M.G. DASTIDAR,19
601,P,JSD802,MAJOR PROJECT PART-II,12,0,0,24,M.G. DASTIDAR,18
602,P,JED799,MINOR PROJECT,3,0,0,6,M.G. DASTIDAR,4
603,X,ESL776,INDUSTRIAL ENERGY & ENVIRONMENT ANALYSI,3,3,0,0,AVINASH CHANDRA,16
604,Y,ESL804,POLLUTION CONTROL IN POWER PLANTS,3,3,0,0,SUBODH KUMAR,8
605,Y,ESL774,QUANTITATIVE METHODS FORENERGY MANAGEMENT & PLG.,3,3,0,0,A. GANGULI,37
606,Z,ESL860,ELECTRICAL POWER SYSTEMS ANALYSIS,3,3,0,0,R. BALASUBRAMANIAM,9
607,Z,ESL778,INDUSTRIAL WASTE MANAGEMENT & RECYCLING,3,3,0,0,SUBODH KUMAR,17
608,C,DIL752,COMPUTER AIDED PRODUCT DESIGN,3,1,0,4,SAVITA GOEL,23
609,C,IDL742,INDUSTRIAL DESIGN PRACTICE,3,1,0,4,S.K. ATREYA,80
610,D,DIL762,PROTOTYPE AND DIE DEVELOPMENT,2.5,1,0,3,AMITOJ SINGH,19
611,D,IDL722,PRECISION MEASUREMENT SYSTEMS,3,3,0,0,I.P. SINGH,67
612,E,IDL712,ELECTRONIC TECHNIQUES FORSIGNAL CONDIT&INTERFACING,3,3,0,0,D.T. SAHANI,44
613,E,DIP742,STUDIES IN PRODUCT CONFIG & DETAILING,3.5,1,0,5,L.K. DAS,19
614,F,IDL811,SELECTED TOPICS IN INSTRUMENTATION,3,3,0,0,A.L. VYAS,23
615,H,IDL734,LASER BASED INSTRUMENTATION,3,3,0,0,CHANDRA SHAKHER,21
616,H,DIL782,"ADV.MATERIALS,MFG.PROCESS AND FINISHES",3.5,2,0,3,S.K. ATREYA,19
617,J,IDL714,INSTRUMENT DESIGN AND SIMULATIONS,3,2,0,2,A.K. AGARWALA,18
618,J,IDL730,PHOTOCHEMICAL MACHINING,3,2,0,2,RAKESH KUMAR,10
619,K,IDL736,OPTICAL 3D-SURFACE PROFILEMETRY & TOMOGRAPHY,3,3,0,0,DALIP SINGH MEHTA,10
620,P,JTD802,MAJOR PROJECT PART-II,12,0,0,24,A.L. VYAS,14
621,P,DIS802,INVITED FACULTY SEMINARS,1,0,0,2,S.K. ATREYA,26
622,P,DIS812,PLACEMENT/DEGREE SHOW,2,0,0,4,AMITOJ SINGH,20
623,P,DIR857,ANIMATION,2.5,1,0,3,KIRAN SETH,30
624,P,DID892,MAJOR PROJECT,19,0,1,36,S.K. ATREYA,20
625,P,DID792,PROJECT II,5.5,0,1,9,AMITOJ SINGH,19
626,P,DIC702,SEMINAR (PRODUCT IN USAGE),1,0,0,2,L.K. DAS,62
627,P,JTS801,INDEPENDENT STUDY,3,0,3,0,I.P. SINGH,80
628,R,IDP704,INSTRUMENT TECHNOLOGY LAB-II,3,0,0,6,N.K. JAIN,14
629,P,JMS800,INDEPENDENT STUDY (JTM),3,3,0,0,SUBRAT KAR,5
630,P,JOD802,MAJOR PROJECT PART-II,12,0,0,24,SUBRAT KAR,11
631,P,JVS802,INDEPENDENT STUDY,3,0,3,0,M.JAGADESH KUMAR,3
632,R,JOP792,FIBER OPTICS AND OPTICAL COMMUNICATION LAB.II,3,0,0,6,VINOD CHANDRA,20
633,A,ITL717,CORROSION AND ITS CONTROL,3,3,0,0,JAYASHREE BIJWE,16
634,B,ITL710,DESIGN OF TRIBOLOGICAL APPLICATIONS,4,3,0,2,R.K.PANDEY,16
635,C,ITL740,RISK ANALYSIS AND SAFETY,3,2,1,0,O.P. GANDHI,80
636,D,ITL714,FAILURE ANALYSIS AND REPAIR,4,3,0,2,R.K.PANDEY,15
637,F,ITL702,DIAGNOSTIC MAINTENANCE AND MONITORING,4,3,0,2,NARESH TANDON,17
638,P,JID802,MAJOR PROJECT PART-II,12,0,0,24,JAYASHREE BIJWE,6
639,C,VEL710,TRADITIONAL KNOWLEDGE AND VALUES,3,2,1,0,VIJAYARAGHAVAN M. CHARIAR,7
640,Z,VED750,MINOR PROJECT,3,0,0,6,M.R. RAVI,35
641,B,PTL702,POLYMER PROCESSING,3,3,0,0,A.K. GHOSH,26
642,E,PTL714,POLYMER BLENDS & ALLOYS,3,3,0,0,A.K. GUPTA,23
643,F,PTL716,RUBBER TECHNOLOGY,3,3,0,0,JOSEMON JACOB,14
644,H,PTL711,ENGG.PLASTICS & SPECIALITY POLYMER,3,3,0,0,VEENA CHAUDHARY,22
645,J,PTL706,POLYMER TESTING & PROPERTIES,3,3,0,0,S.N. MAITI,26
646,M,PTL712,POLYMER COMPOSITES,3,3,0,0,BHABANI KUMAR SATAPATHY,21
647,P,JPD802,MAJOR PROJECT PART-II,12,0,0,24,VEENA CHAUDHARY,16
648,T,PTP720,POLYMER ENGINEERING LAB,1,0,0,2,BHABANI KUMAR SATAPATHY,25
649,B,RDL724,TECHNOLOGIES FOR WATER AND WASTE MANAGEMENT,3,3,0,0,ANUSHREE MALIK,27
650,D,RDL730,TECHNOLOGY ALTERNATIVES FOR RURAL DEVELOPMENT,3,3,0,0,VIJAYARAGHAVAN M. CHARIAR,56
651,F,RDL722,RURAL ENERGY SYSTEMS,3,3,0,0,VIRENDRA KUMAR VIJAY,65
652,F,RDL705,RURAL RESOURCES AND LIVEIHODS,3,3,0,0,S.N.NAIK,52
653,H,RDL701,RURAL INDUSTRIALSATION POLICES PROGRAMMES AND CASE,3,3,0,0,RAJENDRA PRASAD,105
654,J,RDL700,BIOMAS PRODUCTION,3,3,0,0,SATYAWATI SHARMA,45
655,M,RDL740,TECHNOLOGY OF UTILIZATION OF WASTELANDS & WEEDS,3,3,0,0,ANUSHREE MALIK,7
656,P,RDD750,MINOR PROJECT,3,3,0,0,SATYAWATI SHARMA,53
657,K,SBC795,GRADUATE STUDENT RESEARCH SEMINAR,1,0,0,2,JAMES GOMES,15
658,K,SBS800,INDEPENDENT STUDY,3,0,3,0,JAMES GOMES,3
659,K,SBV882,BIOLOGICAL MEMBRANES,1,1,0,0,ADITYA MITTAL,17
660,L,SBL702,SYSTEMS BIOLOGY,3,3,0,0,JAMES GOMES,21
661,M,SBL703,ADVANCED CELL BIOLOGY,3,3,0,0,BISHWAJIT KUNDU,11
662,P,SID890,MS RESEARCH PROJECT,40,0,0,80,HUZUR SARAN,7
663,P,SIV861,INFORMATION & COMM. TECHNOLOGIES & DEVELOPMENT,1,1,0,0,AADITESHWAR SETH,1
664,P,SID880,MINOR PROJECT IN INFORMATION TECHNOLOGY,3,0,0,6,HUZUR SARAN,1
665,P,BSD895,MAJOR PROJECT(MSR),40,0,0,80,SWADES KUMAR DE,70
666,P,SIV895,SPECIAL MODULE ON INTELLIGENT INFO. PROCESSING,1,1,0,0,PREM KUMAR KALRA,18
