1,P,AMD310,MINI PROJECT,3.0,0,0,6,MURALI CHOLEMARI,0,
2,P,AMD811,MAJOR PROJECT PART-I,6.0,0,0,12,RAJESH PRASAD,0,CORE
3,P,AMD812,MAJOR PROJECT PART-II,12.0,0,0,24,RAJESH PRASAD,0,CORE
4,P,AMD813,MAJOR PROJECT PART-I,6.0,0,0,12,BALAJI SRINIVASAN,0,CORE
5,P,AMD814,MAJOR PROJECT PART-II,12.0,0,0,24,BALAJI SRINIVASAN,0,CORE
6,P,AMD895,MAJOR PROJECT,40.0,0,0,80,MALOY SINGHA,0,
7,P,AMD897,MINOR PROJECT,4.0,0,0,8,MALOY SINGHA,0,CORE
8,P,AMD899,DESIGN PROJECT,10.0,0,0,20,R VIJAYAKUMAR,0,CORE
9,AM,AML100,ENGINEERING MECHANICS,4.0,3,1,0,MALOY SINGHA,0,
10,AP,AML100,ENGINEERING MECHANICS,4.0,3,1,0,VIKRANT TIWARI,0,
11,H,AML701,"ENGG MATHEMATICS & MECHANICS",3.0,3,0,0,P K SEN,0,CORE
12,F,AML702,APPLIED COMPUTATIONAL METHOD,4.0,3,0,2,SUHAIL AHMED,0,CORE
13,B,AML705,FINITE ELEMENT METHODS,4.0,3,0,2,AJEET KUMAR,0,CORE
14,B,AML710,COMPUTER AIDED DESIGN,4.0,3,0,2,SRIRAM HEGDE,0,CORE
15,E,AML711,ADVANCED FLUID MECHANICS,4.0,3,1,0,SAWAN SUMAN,0,CORE
16,E,AML713,APPLIED FLUID DYNAMICS,4.0,3,1,0,SAWAN SUMAN,0,CORE
17,D,AML715,VISCOUS FLUID FLOWS,3.0,3,0,0,SANJEEV SANGHI,0,CORE
18,C,AML731,APPLIED ELASTICITY,4.0,3,1,0,ANAMIKA PRASAD,0,CORE
19,C,AML732,SOLID MECHANICS,3.0,3,0,0,ANAMIKA PRASAD,0,CORE
20,D,AML733,DYNAMICS,3.0,3,0,0,S PRADYUMNA,0,CORE
21,D,AML734,ADVANCED DYNAMICS,4.0,3,1,0,S PRADYUMNA,0,CORE
22,B,AML750,MODERN ENGINEERING MATERIALS,3.0,3,0,0,JAYANT JAIN,0,CORE
23,B,AML751,MATERIALS FOR MARINE VEHICLES,3.0,3,0,0,JAYANT JAIN,0,CORE
24,F,AML771,DECISION THEORY & DESIGN OPTIMIZATION,3.0,3,0,0,SANTOSH KAPURIA,0,CORE
25,D,AML773,MODELLING AND ANALYSIS,3.0,3,0,0,SANJEEV SANGHI,0,CORE
26,E,AML775,DESIGN METHODS,3.0,3,0,0,D K SEHGAL,0,CORE
27,D,AML791,SHIP RESISTANCE & PROPULSION,3.0,3,0,0,R VIJAYAKUMAR,0,CORE
28,F,AML792,STRUCTURAL DESIGN OF SHIPS,3.0,3,0,0,R VIJAYAKUMAR,0,CORE
29,B,AML794,WARSHIP DESIGN,3.0,3,0,0,P KULKARNI,0,CORE
30,F,AML805,ADVANCED FINITE ELEMENT METHODS,3.0,3,0,0,AJEET KUMAR,0,
31,B,AML820,ADVANCES IN FLUID ENGINEERING,3.0,3,0,0,ANUPAM DEWAN,0,
32,H,AML851,FRACTURE MECHANICS,3.0,3,0,0,R K PANDEY,0,
33,D,AMP772,FEASIBILITY STUDY,3.0,1,0,4,D K SEHGAL,0,CORE
34,A,AMP776,PRODUCT DESIGN,3.0,1,0,4,S N SINGH,0,CORE
35,P,AMS801,INDEPENDENT STUDT,3.0,0,3,0,RAJESH PRASAD,0,
36,P,AMS802,INDEPENDENT STUDY,3.0,0,3,0,BALAJI SRINIVASAN,0,
37,P,ASC861,ATMOSPHERIC SCIENCE COLLOQUIUM,1.0,0,1,0,S K DASH,0,CORE
38,P,ASD891,MAJOR PROJECT PART-I,6.0,0,0,12,KRISHNA ACHUTARAO,0,CORE
39,F,ASL310,FUNDAMENTALS OF ATMOSPHERE AND OCEAN,4.0,3,0,2,SAGNIK DEY,0,
40,H,ASL410,NUMERICAL SIMULATION OF ATMOSPHERIC AND OCEANIC PH,4.0,3,0,2,SAROJ MISHRA,0,
41,C,ASL701,DYNAMICS OF ATMOSPHERE AND OCEAN,3.0,3,0,0,MAITHILI SHARAN,0,CORE
42,E,ASL703,PHYSICS OF ATMOSPHERE AND OCEAN,3.0,3,0,0,MANJU MOHAN,0,CORE
43,B,ASL705,BOUNDARY LAYER METEOROLOGY AND AIR POLLUTION,3.0,3,0,0,Somnath Roy,0,CORE
44,D,ASL707,MATHEMATICAL & STATISTICAL METHODS IN ATMOSPHERIC,3.0,3,0,0,DILIP GANGULY,0,
45,H,ASL710,ATMOSHPHERIC PHYSICS,3.0,3,0,0,PRAMILA GOEL,0,
46,J,ASL715,SCIENCE OF CLIMATE CHANGE,4.0,3,0,2,KRISHNA ACHUTARAO,0,
47,E,ASL803,ADVANCED DYNAMIC OCEANOGRAPHY,3.0,3,0,0,A D RAO,0,
48,K,ASL870,PHYSICAL OCEANOGRAPHY,3.0,3,0,0,VIMLESH PANT,0,
49,P,ASP751,SIMULATION LAB-I: WHETHERANALYSIS & FORECASTING,2.0,0,0,4,POORNIMA AGARWAL,0,CORE
50,P,ASP801,SIMULATION LAB-III OCEAN-ATMOSPHERE FORECAST METH,3.0,0,1,4,H C UPADHYAYA,0,CORE
51,F,ASV887,Spl Mod-Numerical Weather prd,1.0,1,0,0,S K DASH,0,
52,P,BEC450,COLLOQUIUM (BB),3.0,0,3,0,RITU KULSHRESTH A,0,CORE
53,P,BED800,MAJOR PROJECT,40.0,0,0,80,D SUNDAR,0,
54,P,BED851,MAJOR PROJECT PART 1 (BB),6.0,0,0,12,RITU KULSHRESTH A,0,CORE
55,P,BED852,MAJOR PROJECT PART 2 (BB),14.0,0,0,28,RITU KULSHRESTH A,0,CORE
56,P,BED853,MAJOR PROJECT PART 1 (BB),4.0,0,0,8,RITU KULSHRESTH A,0,CORE
57,P,BED854,MAJOR PROJECT PART 2 (BB),16.0,0,0,32,RITU KULSHRESTH A,0,CORE
58,C,BEL110,MOLECULAR CELL BIOLOGY,3.0,3,0,0,SHILPI SHARMA,0,
59,C,BEL301,BIOPROCESS ENGINEERING,3.0,3,0,0,ATUL NARANG,0,CORE
60,E,BEL403,ENZYME ENGINEERING AND TECHNOLOGY,4.0,3,0,2,RAVI ELANGOVAN,0,CORE
61,H,BEL412,IMMUNOLOGY,4.0,3,0,2,RITU KULSHRESTH A,0,
62,H,BEL413,MODELLING AND SIMULATION OF BIOPROCESSES,4.0,3,0,2,A K SRIVASTAVA,0,
63,C,BEL701,BIOTECHNOLOGY RESOURCE PLANNING AND IPR ISSUES,2.0,2,0,0,T R SREEKRISHN AN,0,CORE
64,J,BEL714,PROTEIN SCIENCE AND ENGINEERING,3.0,3,0,0,SAROJ MISHRA,0,
65,D,BEL715,BIOLOGICAL WASTE TREATMENT,4.0,3,0,2,T R SREEKRISHN AN,0,
66,D,BEL722,GENOMICS AND PROTEOMICS,3.0,3,0,0,D SUNDAR,0,
67,H,BEL810,ENZYME AND MICROBIAL TECHNOLOGY,3.0,3,0,0,SUBHASH CHAND,0,
68,J,BEL820,DOWNSTREAM PROCESSING,3.0,3,0,0,SUNIL NATH,0,
69,E,BEL830,MICROBIAL BIOCHEMISTRY,3.0,3,0,0,SAROJ MISHRA,0,
70,F,BEL850,ADVANCED BIOCHEMICAL ENGINEERING,5.0,3,0,4,SHAIKH AHAMMAD,0,
71,NP,BEN150,INTRO TOBO CHEM.&BO TEC HNOLOHY,2.0,0,0,4,T R SREEKRISHN AN,0,CORE
72,F,BEP303,DESIGN OF BIOPROCESSES,2.5,0,1,3,RAVI ELANGOVAN,0,CORE
73,P,BEP840,LAB TECH IN MICROBIAL BIOCHEMISTRY,2.0,0,0,4,PRASHANT MISHRA,0,
74,P,BER350,PROFESSIONAL PRACTICES (BB),2.0,0,1,2,V S BISARIA,0,
75,P,BES350,INDEPENDENT STUDY (BB),3.0,0,3,0,V S BISARIA,0,
76,P,BET450,PRACTICAL TRAINING,0.0,0,0,0,ATUL NARANG,0,CORE
77,M,CEC410,COLLOQUIUM (CE),3.0,0,3,0,BABU J ALAPPAT,0,CORE
78,P,CED310,MINI PROJECT (CE),3.0,0,0,6,N K GARG,0,
79,P,CED411,MAJOR PROJECT PART 1 (CE),3.0,0,0,6,N K GARG,0,CORE
80,P,CED412,MAJOR PROJECT PART 2 (CE),7.0,0,0,14,N K GARG,0,
81,P,CED701,MINOR PROJECT,3.0,0,0,6,TANUSREE CHAKRABORT Y,0,CORE
82,P,CED760,MINOR PROJECT IN ROCK ENGG UNDER GROUND STRUCTURE,3.0,0,0,6,R AYOTHIRAMA N,0,
83,P,CED811,MAJOR PROJECT PART-I,6.0,0,0,12,TANUSREE CHAKRABORT Y,0,CORE
84,P,CED820,MAJOR PROJECT PART - I,6.0,0,0,12,GURMAIL BENIPAL,0,
85,P,CED821,MAJOR PROJECT PART - I,6.0,0,0,12,VASANT MATSAGAR,0,CORE
86,P,CED822,MAJOR PROJECT PART-II,12.0,0,0,24,VASANT MATSAGAR,0,CORE
87,P,CED841,MAJOR PROJECT PART-I,6.0,0,0,12,RAKESH KHOSA,0,CORE
88,P,CED842,MAJOR PROJECT PART-II,12.0,0,0,24,RAKESH KHOSA,0,CORE
89,P,CED851,MAJOR PROJECT PART-I,6.0,0,0,12,R AYOTHIRAMA N,0,CORE
90,P,CED852,MAJOR PROJECT PART-II,12.0,0,0,24,B BASHA,0,CORE
91,P,CED871,MAJOR PROJECT PART-I,6.0,0,0,12,ABHIJIT GANGULI,0,CORE
92,P,CED872,MAJOR PROJECT PART-II,12.0,0,0,24,ABHIJIT GANGULI,0,CORE
93,P,CED875,MAJOR PROJECT PART-I,6.0,0,0,12,SHASHANK BISHNOI,0,CORE
94,P,CED876,MAJOR PROJECT PART-II,12.0,0,0,24,SHASHANK BISHNOI,0,CORE
95,P,CED881,MAJOR PROJECT PART-I,6.0,0,0,12,GEETAM TEWARI,0,CORE
96,P,CED882,MAJOR PROJECT PART-II,12.0,0,0,24,GEETAM TEWARI,0,CORE
97,P,CED891,MAJOR PROJECT PART-I,6.0,0,0,12,ARUN KUMAR,0,CORE
98,P,CED892,MAJOR PROJECT PART-II,12.0,0,0,24,ARUN KUMAR,0,CORE
99,P,CED895,MAJOR PROJECT (CEY),40.0,0,0,80,A K JAIN,0,
100,E,CEL321,GEOTECHNICAL ENGINEERING,5.5,3,1,3,JAGDISH SHAHU,0,CORE
101,F,CEL331,STRUCTURAL ANALYSIS II,5.0,3,1,2,DIPTI RANJAN SAHOO,0,CORE
102,H,CEL339,CONCRETE TECHNLOGY AND MATERIALS,3.0,3,0,0,GURMAIL BENIPAL,0,
103,F,CEL422,ROCK ENGINEERING,3.0,3,0,0,VENKATA RAMANA,0,
104,F,CEL431,ADVANCED STRUCTURAL ANALYSIS,3.0,2,0,2,VASANT MATSAGAR,0,
105,H,CEL433,ADVANCED STRUCTURAL DESIGN,4.0,3,0,2,ALOK MADAN,0,
106,D,CEL442,TRAFFIC AND TRANSPORTATION PLANNING,3.0,2,1,0,RAMACHAND RA KALAGA,0,
107,H,CEL451,WATER POWER ENGINEERING,4.0,3,0,2,SUMEDHA CHAKMA,0,
108,D,CEL455,INTRODUCTION TO GEOGRAPHIC INFORMATION SYSTEMS,3.0,2,0,2,A K GOSAIN,0,
109,F,CEL459,RIVER MECHANICS,3.0,2,0,2,DEO KAUSHAL,0,
110,A,CEL701,ENGINEERING BEHAVIOUR OF SOILS,3.0,3,0,0,VENKATA RAMANA,0,CORE
111,B,CEL703,SITE INVESTIGATIONS AND GROUND IMPROVEMENT,3.0,3,0,0,MANOJ DATTA,0,CORE
112,D,CEL705,GEOENVIRONMENTAL ENGINEERING,3.0,3,0,0,JAGDISH SHAHU,0,CORE
113,A,CEL707,SOIL DYNAMICS AND GEOTECHNICAL EARTHQUAKE ENGG,3.0,3,0,0,R AYOTHIRAMA N,0,
114,B,CEL717,ADVANCED STRUCTURAL ANALYSIS,3.0,3,0,0,SURESH BHALLA,0,CORE
115,F,CEL719,STRUCTURAL DYNAMICS,3.0,3,0,0,VASANT MATSAGAR,0,CORE
116,A,CEL729,ADVANCED DESIGN OF BRIDGES,3.0,2,1,0,SUPRATIC GUPTA,0,
117,A,CEL731,PSC/COMPOSITE STRUCTURES,3.0,3,0,0,A K NAGPAL,0,
118,D,CEL733,FEM IN STRUCTURAL ENGINEERING,3.0,2,1,0,A K NAGPAL,0,CORE
119,E,CEL734,MATHEMATICAL AND NUMERICAL METHODS,3.0,2,1,0,ABHIJIT GANGULI,0,
120,A,CEL735,HYDROLOGIC PROCESSES & MODELING,3.0,3,0,0,RAKESH KHOSA,0,CORE
121,H,CEL736,ENVIRONMENTAL DYNAMICS & MANAGEMENT,3.0,3,0,0,R Maheswaran,0,
122,B,CEL737,OPTIMISATION TECHNIQUES IN WATER RESOURCES,3.0,3,0,0,A K KESHARI,0,CORE
123,E,CEL739,GROUNDWATER HYDROLOGY,3.0,3,0,0,BHAGU CHAHAR,0,CORE
124,F,CEL741,SURFACE WATER QUALITY MODELING AND CONTROL,3.0,3,0,0,RAKESH KHOSA,0,CORE
125,D,CEL751,ENGINEERING PROPERTIES OF ROCKS & ROCK,3.0,3,0,0,K G SHARMA,0,CORE
126,A,CEL753,STRUCTURAL GEOLOGY,3.0,2,0,2,K S RAO,0,CORE
127,B,CEL754,GEOTECHNICAL PROCESSES IN ROCK ENGG,3.0,3,0,0,MANOJ DATTA,0,CORE
128,E,CEL757,FIELD EXPLORATION AND MEASUREMENT,3.0,3,0,0,R AYOTHIRAMA N,0,CORE
129,C,CEL760,FINITE ELEMENT METHOD IN GEOTECHNICAL ENGG,3.0,3,0,0,K G SHARMA,0,
130,B,CEL769,PROJECT PLANNING & CONTROL,3.0,2,1,0,J MAHESWARI,0,CORE
131,D,CEL771,CIVIL ENGG MATERIALS,3.0,3,0,0,SHASHANK BISHNOI,0,CORE
132,F,CEL772,QUANTITATIVE METHODS IN CONSTRUCTION MANAGEMENT,3.0,2,1,0,K CHANDRASHE KHAR IYER,0,CORE
133,E,CEL773,MANAGEMENT OF QUALITY AND SAFETY IN CONSTRUCTION,3.0,2,1,0,J MAHESWARI,0,CORE
134,C,CEL774,CONSTRUCTION ENGINEERING PRACTICES,3.0,3,0,0,SUPRATIC GUPTA,0,CORE
135,A,CEL777,BUILDING SCIENCE,3.0,3,0,0,B BHATTACHAR JEE,0,
136,A,CEL781,URBAN & REGIONAL TRANSPORTATION PLANNING,3.0,2,0,2,GEETAM TEWARI,0,CORE
137,C,CEL782,PAVEMENT MATERIALS AND CONSTRUCTION TECHNIQUES,3.0,2,0,2,Aravind Krishna Swamy,0,CORE
138,D,CEL783,TRAFFIC ENGG,4.0,3,0,2,RAMACHAND RA KALAGA,0,CORE
139,L,CEL787,TRANSPORTATION SAFETY AND ENVIRONMENT,3.0,3,0,0,DINESH MOHAN,0,
140,K,CEL788,PUBLIC TRANSPORTATION SYSTEMS,3.0,3,0,0,GEETAM TEWARI,0,
141,A,CEL789,TRANSPORTATION SYSTEMS MANAGEMENT,3.0,3,0,0,GEETAM TEWARI,0,
142,A,CEL793,AIR POLLUTION AND CONTROL,4.0,3,0,2,MUKESH KHARE,0,CORE
143,E,CEL795,WATER AND WASTE- WATER TREATMENT PROCESSES,3.0,3,0,0,ARUN KUMAR,0,CORE
144,D,CEL801,ADVANCED ROCK MECHANICS,3.0,3,0,0,TANUSREE CHAKRABORT Y,0,
145,C,CEL817,"STRUCTURAL SAFETY & RELIABILITY",3.0,3,0,0,T K DATTA,0,
146,D,CEL840,STOCHASTIC HYDROLOGY,3.0,3,0,0,RAKESH KHOSA,0,
147,B,CEL847,VISCOELASTIC BEHAVIOR OF BITUMINOUS MATERIALS,3.0,3,0,0,Aravind Krishna Swamy,0,
148,B,CEL866,Infrastructure Development and Management,3.0,3,0,0,K CHANDRASHE KHAR IYER,0,
149,D,CEL886,ENVIRONMENTAL SYSTEMS ANALYSIS,4.0,3,0,2,ARVIND NEMA,0,CORE
150,B,CEL891,THERMAL TECHNICS FOR WASTE MANAGEMENT,3.0,3,0,0,BABU J ALAPPAT,0,
151,F,CEL899,ENVIRONMENTAL RISK ASSESSMENT,3.0,3,0,0,ARUN KUMAR,0,
152,NM,CEN110,INTRODUCTION TO CIVIL ENGINEERING,2.0,0,0,4,VASANT MATSAGAR,0,CORE
153,P,CEN760,METRO PROFESSIONAL PRACTICES,2.0,0,2,0,KUMAR JHA,0,CORE
154,T,CEP701,SOIL ENGINEERING LABORATORY,3.0,0,0,6,BAPPADITYA MANNA,0,CORE
155,P,CEP726,STRUCTURAL ENGG LAB,3.0,0,0,6,SUPRATIC GUPTA,0,CORE
156,P,CEP740,SIMULATION LABORATORY,4.0,1,0,6,N K GARG,0,CORE
157,P,CEP751,ROCK MECHANICS LAB-I,3.0,0,0,6,K S RAO,0,CORE
158,K,CEP789,ENVIRONMENTAL CHEMISTRY AND MICROBIOLOGY,3.0,1,0,4,ATUL MITTAL,0,CORE
159,P,CES810,INDEPENDENT STUDY,3.0,0,3,0,R AYOTHIRAMA N,0,
160,P,CES820,INDEPENDENT STUDY,3.0,0,3,0,VASANT MATSAGAR,0,
161,P,CES870,INDEPENDENT STUDY,3.0,0,3,0,ABHIJIT GANGULI,0,
162,P,CES874,INDEPENDENT STUDY,3.0,0,3,0,SHASHANK BISHNOI,0,
163,P,CET410,PRACTICAL TRAINING,0.0,0,0,0,BABU J ALAPPAT,0,CORE
164,P,CHC410,COLLOQUIUM (CH),3.0,0,3,0,GAURAV GOEL,0,CORE
165,P,CHD411,MAJOR PROJECT PART 1 (CH),4.0,0,0,8,SHAIK MUNAWAR,0,CORE
166,P,CHD781,Major Project Part 1 (CHC),6.0,0,0,12,SUDIP PATTANAYEK,0,CORE
167,P,CHD782,MAJOR PROJECT PART-II,12.0,0,0,24,SUDIP PATTANAYEK,0,CORE
168,P,CHD871,Major Project Part 1 (CM),6.0,0,0,12,JAYATI SARKAR,0,CORE
169,P,CHD873,Major Project Part 1 (CM),4.0,0,0,8,JAYATI SARKAR,0,CORE
170,P,CHD895,MAJOR PROJECT,40.0,0,0,80,VIVEK BUWA,0,
171,B,CHL103,CHEMICAL REACTOR ANALYSIS AND DESIGN,4.0,3,1,0,K DP NIGAM,0,CORE
172,B,CHL133,POWDER PROCESSING AND TECHNOLOGY,4.0,3,1,0,B PITCHUMANI,0,
173,F,CHL221,CHEMICAL REACTION ENGINEERING II,4.0,3,1,0,KAMAL PANT,0,CORE
174,E,CHL261,INSTRUMENTATION AND PROCESS CONTROL,4.0,3,1,0,SHAIK MUNAWAR,0,CORE
175,C,CHL331,FLUID-PARTICLE MECHANICS,4.0,3,1,0,SUDIP PATTANAYEK,0,CORE
176,E,CHL332,FLUIDIZATION ENGINEERING,4.0,3,1,0,RATAN MOHAN,0,
177,B,CHL392,POLYMER SCIENCE AND ENGINEERING,4.0,3,1,0,PARESH CHOKSHI,0,
178,C,CHL603,ADVANCED TRANSPORT PHENOMENA,3.0,3,0,0,VIVEK BUWA,0,CORE
179,D,CHL701,PROCESS ENGG,4.0,3,0,2,SHALINI GUPTA,0,CORE
180,E,CHL705,ELECTRO KINETIC TRANSPORT PHENOMENA,4.0,3,0,2,ANUPAM SHUKLA,0,
181,E,CHL707,ADSORPTION SEPARATION PROCESSES,3.0,3,0,0,A K GUPTA,0,
182,B,CHL722,FUNDAMENTALS OF FUEL CELL TECHNOLOGY,4.0,3,0,2,SUDDHASTWA BASU,0,
183,A,CHL723,CHEMICAL REACTOR ENGG,3.0,3,0,0,SHANTANU ROY,0,CORE
184,J,CHL740,SELECTED TOPICS IN CHEMICAL ENGINEERING,3.0,3,0,0,Jyoti Phirani,0,
185,H,CHL761,CHEMICAL ENGG MATHEMATICS,3.0,3,0,0,GAURAV GOEL,0,
186,F,CHL768,FUNDAMENTALS OF COMPUTATIONAL FLUID DYNAMICS,3.0,2,0,2,JAYATI SARKAR,0,
187,B,CHL771,Process Operations Scheduling,4.0,3,0,2,SHAIK MUNAWAR,0,
188,E,CHL777,Bioprocessing and Biosepration,3.0,3,0,0,ANURAG RATHORE,0,
189,F,CHL794,PETROLEUM REFINERY ENGG,4.0,3,0,2,SREEDEVI UPADHYAYUL A,0,
190,F,CHP302,MASS TRANSFER AND FLUID PARTICLE MECHANICS LABORAT,1.5,0,0,3,PARESH CHOKSHI,0,CORE
191,E,CHP304,CHEMICAL ENGINEERING LABORATORY - I,1.5,0,0,3,VIVEK BUWA,0,CORE
192,P,CHT410,PRACTICAL TRAINING,0.0,0,0,0,ANURAG RATHORE,0,CORE
193,P,CRD811,MAJOR PROJECT PART-I,6.0,0,0,12,ANANJAN BASU,0,CORE
194,P,CRD812,MAJOR PROJECT PART 2,12.0,0,0,24,ANANJAN BASU,0,CORE
195,A,CRL704,SENSOR ARRAY SIGNAL PROCESSING,3.0,3,0,0,MONIKA AGGARWAL,0,
196,J,CRL707,HUMAN & MACHINE SPEECH COMMUNICATION,3.0,3,0,0,ARUN KUMAR,0,
197,A,CRL711,CAD OF RF AND MICROWAVE DEVICES,4.0,3,0,2,S K KOUL,0,CORE
198,H,CRL713,FUNDAMENTAL OF RF ELECTRONICS,3.0,2,0,2,ANANJAN BASU,0,CORE
199,F,CRL715,RADIATING SYSTEM FOR RF COMMUNICATION,3.0,3,0,0,MAHESH ABEGAONKAR,0,
200,J,CRL722,RF AND MICROWAVE SOLID STATE DEVICES,3.0,3,0,0,SUDHIR CHANDRA,0,
201,J,CRL731,SELECTED TOPICS IN RFDT-I,3.0,3,0,0,RAJENDRA BAHL,0,
202,E,CRL732,SELECTED TOPICS IN RFDT-II,3.0,3,0,0,MONIKA AGGARWAL,0,
203,A,CRL733,SELECTED TOPICS IN RFDT-III,3.0,3,0,0,KARUN RAWAT,0,
204,P,CRP723,"FABRICATION TECHNIQUES FOR RF
& MICROWAVE DEVICES",3.0,1,0,4,Saakshi Dhanekar,0,CORE
205,P,CSC410,COLLOQUIUM (CS),3.0,0,3,0,SANJIVA PRASAD,0,CORE
206,P,CSD310,MINI PROJECT (CS),3.0,0,0,6,VINAY RIBEIRO,0,
207,P,CSD411,MAJOR PROJECT PART 1 (CS),4.0,0,0,8,SMRUTI RANJAN SARANGI,0,CORE
208,P,CSD412,MAJOR PROJECT PART 2 (CS),8.0,0,0,16,SMRUTI RANJAN SARANGI,0,
209,P,CSD745,MINOR PROJECT,4.0,0,1,6,AMIT KUMAR,0,CORE
210,P,CSD750,MINOR PROJECT (CO),4.0,0,1,6,RAGESH JAISWAL,0,CORE
211,P,CSD851,MAJOR PROJECT PART 1 (CO),6.0,0,0,12,RAGESH JAISWAL,0,CORE
212,P,CSD852,MAJOR PROJECT PART 2 (CO),14.0,0,0,28,RAGESH JAISWAL,0,CORE
213,P,CSD853,MAJOR PROJECT PART 1 (CO),4.0,0,0,8,RAGESH JAISWAL,0,CORE
214,P,CSD854,MAJOR PROJECT PART 2 (CO),16.0,0,0,32,RAGESH JAISWAL,0,CORE
215,P,CSD893,MAJOR PROJECT PART - I,6.0,0,0,12,RAGESH JAISWAL,0,CORE
216,P,CSD894,MAJOR PROJECT PART-II,12.0,0,0,24,RAGESH JAISWAL,0,CORE
217,P,CSD895,MAJOR PROJECT,40.0,0,0,80,RAGESH JAISWAL,0,
218,BM,CSL100,INTRODUCTION TO COMPUTER SCIENCE,4.0,3,0,2,AMITABHA BAGCHI,0,
219,BP,CSL100,INTRODUCTION TO COMPUTER SCIENCE,4.0,3,0,2,SANJIVA PRASAD,0,
220,AP,CSL101,INTRO TO COMPUTERS AND PROGRAMMING,4.0,3,0,2,AMITABHA BAGCHI,0,CORE
221,AM,CSL102,INTRODUCTION TO COMPUTER SCIENCE,4.0,3,0,2,SANJIVA PRASAD,0,CORE
222,E,CSL303,LOGIC FOR COMPUTER SCIENCE,4.0,3,0,2,S ARUN- KUMAR,0,
223,M,CSL333,ARTIFICIAL INTELLIGENCE,4.0,3,0,2,SAROJ KAUSHIK,0,
224,B,CSL341,FUNDAMENTALS OF MACHINE LEARNING,4.0,3,0,2,PARAG SINGLA,0,
225,F,CSL356,ANALYSIS AND DESIGN OF ALGORITHMS,4.0,3,1,0,RAGESH JAISWAL,0,CORE
226,D,CSL374,COMPUTER NETWORKS,4.5,3,0,3,AADITESHWA R SETH,0,CORE
227,A,CSL630,ADVANCED DATA STRUCTURES,4.0,3,0,2,SANDEEP SEN,0,CORE
228,D,CSL672,COMPUTER NETWORKS,4.0,3,0,2,AADITESHWA R SETH,0,
229,F,CSL719,SYNTHESIS OF DIGITAL SYSTEMS,4.0,3,0,2,ANSHUL KUMAR,0,CORE
230,H,CSL728,COMPILER DESIGN,4.5,3,0,3,SORAV BANSAL,0,
231,E,CSL765,INTRODUCTION TO LOGIC AND FUNCTIONAL PROGRAMMING,4.0,3,0,2,S ARUN- KUMAR,0,CORE
232,K,CSL781,COMPUTER GRAPHICS,4.5,3,0,3,PREM KALRA,0,
233,B,CSL783,DIGITAL IMAGE ANALYSIS,4.5,3,0,3,K K BISWAS,0,
234,J,CSL812,HIGH LEVEL DESIGN & MODELING,3.0,3,0,0,M BALAKRISHNA N,0,
235,L,CSL840,COMPUTER VISION,4.0,3,0,2,S BANERJEE,0,
236,K,CSL866,SPECIAL TOPICS IN ALGORITHMS,3.0,3,0,0,SANDEEP SEN,0,
237,E,CSL868,SPECIAL TOPICS IN DATA BASE SYSTEMS,3.0,3,0,0,S K GUPTA,0,
238,P,CSP701,Software Systems Laboratory,3.0,0,0,6,HUZUR SARAN,0,CORE
239,P,CSP745,DIGITAL SYSTEMS LAB,3.0,0,0,6,M BALAKRISHNA N,0,CORE
240,P,CSS310,INDEPENDENT STUDY (CS),3.0,0,3,0,VINAY RIBEIRO,0,
241,P,CSS799,INDEPENDENT STUDY,3.0,0,3,0,AMIT KUMAR,0,
242,P,CST410,PRACTICAL TRAINING,0.0,0,0,0,SAROJ KAUSHIK,0,CORE
243,P,CYD660,PROJECT PART 1,3.0,0,0,6,S NAGENDRAN,0,CORE
244,P,CYD799,MINOR PROJECT,3.0,0,0,6,NALIN PANT,0,CORE
245,P,CYD801,MAJOR PROJECT PART-I,6.0,0,0,12,NALIN PANT,0,CORE
246,P,CYD803,MAJOR PROJECT PART-I,4.0,0,0,8,NALIN PANT,0,CORE
247,CM,CYL100,INTRODUCTION TO CHEMISTRY,3.0,3,0,0,NIDHI JAIN,0,
248,EP,CYL100,INTRODUCTION TO CHEMISTRY,3.0,3,0,0,NIDHI JAIN,0,
249,D,CYL120,INORGANIC & ORGANIC CHEMISTRY- CONCEPTS & APPLNS,4.0,3,1,0,S NAGENDRAN,0,CORE
250,B,CYL501,MOLECULAR THERMODYNAMICS,3.0,3,0,0,CHARUSITA CHAKRAVART Y,0,CORE
251,D,CYL502,STEREOCHEMISTRY AND ORGANIC REACTION MECHANISMS,3.0,3,0,0,P S PANDEY,0,CORE
252,C,CYL503,MAIN GROUP CHEMISTRY AND INORGANIC SOLIDS,3.0,3,0,0,ANIL ELIAS,0,CORE
253,F,CYL504,BIOCHEMISTRY I,3.0,3,0,0,B JAYARAM,0,CORE
254,E,CYL505,INSTRUMENTAL METHODS OF ANALYSIS,3.0,3,0,0,A K SINGH,0,CORE
255,D,CYL601,GROUP THEORY & SPECTROSCOPY,3.0,3,0,0,PRAMIT CHOWDHURY,0,CORE
256,J,CYL602,PERICYCLIC REACTIONS AND PHOTOCHEMISTRY,3.0,3,0,0,S NAGENDRAN,0,CORE
257,H,CYL603,BASIC ORGANOMETALLIC CHEMISTRY,3.0,3,0,0,JAI SINGH,0,CORE
258,E,CYL604,BIOCHEMISTRY III,3.0,3,0,0,SUNIL KHARE,0,CORE
259,C,CYL665,SOLID STATE CHEMISTRY,3.0,3,0,0,A RAMANAN,0,
260,A,CYL677,SUPRAMOLECULAR CHEMISTRY,3.0,3,0,0,H M CHAWLA,0,
261,K,CYL678,RECENT TRENDS IN ORGANIC CHEMISTRY,3.0,3,0,0,RAVI SINGH,0,
262,F,CYL686,INORGANIC POLYMERS,3.0,3,0,0,S NAGENDRAN,0,
263,B,CYL687,BIO-INORGANIC CHEMISTRY,3.0,3,0,0,D K BANDYOPADH YAY,0,
264,F,CYL703,SPECTROCHEMICAL METHODS,5.0,3,0,4,SHASHANK DEEP,0,
265,K,CYL704,CHEMICAL COMPUTATIONS,3.0,2,0,2,S NAGENDRAN,0,
266,D,CYL721,"DESIGN SYNTHESIS, & CHARACTERIZATION OF ORGANIC",3.0,3,0,0,N G RAMESH,0,CORE
267,J,CYL723,Principles and Practice of Optical and NMR Spectroscopy,3.0,3,0,0,SIDDHARTH PANDEY,0,
268,E,CYL725,MOLECULES TO MATERIALS,3.0,3,0,0,V HARIDAS,0,CORE
269,L,CYL732,Electoanalytical Chemistry,3.0,3,0,0,S NAGENDRAN,0,
270,QP,CYP100,CHEMISTRY LABORATORY,2.0,0,0,4,SHASHANK DEEP,0,CORE
271,QM,CYP100,CHEMISTRY LABORATORY,2.0,0,0,4,PRAMIT CHOWDHURY,0,CORE
272,P,CYP501,PHYSICAL CHEMISTRY LABORATORY COURSE I,2.0,0,0,4,S NAGENDRAN,0,CORE
273,P,CYP502,ORGANIC CHEMISTRY LABORATORY COURSE I,2.0,0,0,4,S NAGENDRAN,0,CORE
274,P,CYP503,INORGANIC CHEMISTRY LABORATORY COURSE I,2.0,0,0,4,RAVI GUNTURI,0,CORE
275,P,CYP504,BIOCHEMISTRY LABORATORY COURSE I,2.0,0,0,4,SUNIL KHARE,0,CORE
276,P,CYP722,"LAB ON DESIGN,SYNTHESIS & CHARACTERIZATION OF ORG.",3.0,0,0,6,N G RAMESH,0,CORE
277,P,CYP803,GLASS BLOWING,1.0,0,0,2,SAMEER SAPRA,0,
278,P,CYS801,INDEPENDENT STUDY,4.0,0,0,8,NALIN PANT,0,
279,P,DIC701,SEMINARS,1.0,0,0,2,SUMER SINGH,0,CORE
280,P,DID891,PROJECT - III,8.5,0,1,15,JYOTI KUMAR,0,CORE
281,E,DIL711,FRAMEWORK OF DESIGN,4.0,2,0,4,JYOTI KUMAR,0,CORE
282,H,DIL731,APPLIED ERGONOMICS,3.5,2,0,3,JYOTI KUMAR,0,CORE
283,P,DIP721,EXPLORATORY PRODUCT DESIGN METHODS,3.0,1,0,4,S K ATREYA,0,CORE
284,P,DIP741,PRODUCT FORM AND AESTHETICS,3.0,1,0,4,SUMER SINGH,0,CORE
285,C,DIP751,COMMUNICATION & PRESENTATION SKILLS,4.0,1,0,6,SUMER SINGH,0,CORE
286,P,DIP781,ENGG FUNCTION MATERIALS & PROCESSES,3.0,1,0,4,SUMER SINGH,0,CORE
287,P,DIP791,PROJECT INTERFACE DESIGN(PROJECT-I),4.0,0,1,6,S K ATREYA,0,CORE
288,F,DIP811,PRODUCT SYSTEMS SERVICES AND ENVIRONMENT,3.0,1,0,4,SUMER SINGH,0,CORE
289,P,DIP841,ADVANCED FORM STUDIES,3.5,1,0,5,JYOTI KUMAR,0,CORE
290,P,DIR853,COMPUTER AIDED INDUSTRIAL DESIGN,2.5,1,0,3,S K ATREYA,0,
291,P,EEC410,COLLOQUIUM (EE),3.0,0,3,0,S JANARDHANA N,0,CORE
292,P,EEC420,COLLOQUIUM (EP),3.0,0,3,0,ABHIJIT ABHYANKAR,0,CORE
293,P,EED310,MINI PROJECT (EE),3.0,0,0,6,ANUJ DHAWAN,0,
294,P,EED411,MAJOR PROJECT PART 1 (EE),3.0,0,0,6,SUMANTRA DUTTA ROY,0,CORE
295,P,EED421,MAJOR PROJECT PART 1 (EP),3.0,0,0,6,SUMANTRA DUTTA ROY,0,CORE
296,P,EED422,MAJOR PROJECT PART 2 (EP),7.0,0,0,14,SUMANTRA DUTTA ROY,0,CORE
297,P,EED701,MINOR PROJECT,2.0,0,0,4,SUMANTRA DUTTA ROY,0,CORE
298,P,EED801,MAJOR PROJECT PART-I,6.0,0,0,12,SUMANTRA DUTTA ROY,0,CORE
299,P,EED842,MAJOR PROJECT PART-I,6.0,0,0,12,MUMMADI VEERACHARY,0,CORE
300,P,EED843,MAJOR PROJECT PART -II,12.0,0,0,24,MUMMADI VEERACHARY,0,CORE
301,P,EED851,MAJOR PROJECT PART 1 (EI),6.0,0,0,12,SAIF MOHAMMED,0,CORE
302,P,EED852,MAJOR PROJECT PART 2 (EI),14.0,0,0,28,SAIF MOHAMMED,0,CORE
303,P,EED853,MAJOR PROJECT PART 1 (EI),4.0,0,0,8,SAIF MOHAMMED,0,CORE
304,P,EED861,MAJOR PROJECT PART-I,6.0,0,0,12,SAIF MOHAMMED,0,CORE
305,P,EED875,MAJOR PROJECT PART-I,6.0,0,0,12,SHUBHENDU BHASIN,0,CORE
306,P,EED888,MAJOR PROJECT PART - 1,6.0,0,0,12,SHOURIBRAT A CHATTERJEE,0,CORE
307,P,EED890,MAJOR PROJECT PART-I,6.0,0,0,12,ABHIJIT ABHYANKAR,0,CORE
308,P,EED895,MAJOR PROJECT,40.0,0,0,80,BIJAYA PANIGRAHI,0,
309,P,EED898,MAJOR PROJECT PART-II,12.0,0,0,24,ABHIJIT ABHYANKAR,0,CORE
310,AP,EEL100,INTRODUCTION TO ELECTRICAL ENGINEERING,4.0,3,0,2,P R BIJWE,0,
311,AM,EEL100,INTRODUCTION TO ELECTRICAL ENGINEERING,4.0,3,0,2,SANTANU CHAUDHURY,0,
312,AP,EEL101,FUNDAMENTALS OF ELECT ENGG,4.0,3,0,2,SUKUMAR MISHRA,0,CORE
313,C,EEL102,PRINCIPLES OF ELECT ENGG,4.0,3,0,2,BREJESH LALL,0,CORE
314,E,EEL203,ELECTROMECHANICS,4.0,3,1,0,AMIT KUMAR JAIN,0,CORE
315,F,EEL205,SIGNALS & SYSTEMS,4.0,3,1,0,S D JOSHI,0,CORE
316,E,EEL207,ENGINEERING ELECTROMAGNETICS,4.0,3,1,0,UDAY KHANKHOJE,0,CORE
317,C,EEL218,PHYSICAL ELECTRONICS,3.0,3,0,0,MADHUSUDA N SINGH,0,
318,F,EEL303,"POWER ENGINEERING I",4.0,3,1,0,NILANJAN SENROY,0,CORE
319,D,EEL305,ELECTRIC DRIVES,4.0,3,1,0,K R RAJAGOPAL,0,CORE
320,B,EEL319,DIGITAL SIGNAL PROCESSING,4.0,3,0,2,SAIF MOHAMMED,0,
321,J,EEL324,DIGITAL HARDWARE DESIGN,3.0,3,0,0,TURBO MAJUMDER,0,
322,B,EEL325,CONTROL ENGINEERING - II,3.0,3,0,0,SHUBHENDU BHASIN,0,
323,C,EEL358,OPERATING SYSTEMS,3.0,3,0,0,M HANMANDLU,0,
324,H,EEL375,EMBEDDED SYSTEMS,5.0,3,0,4,S MK RAHMAN,0,
325,M,EEL452,HVDC TRANSMISSION,3.0,3,0,0,SUKUMAR MISHRA,0,
326,B,EEL456,"POWER ENGINEERING II",4.0,3,0,2,MOHAN KOTHARI,0,
327,A,EEL601,COMPUTER ARCHITECTURE,3.0,3,0,0,SUMANTRA DUTTA ROY,0,CORE
328,B,EEL702,SYSTEM SOFTWARE,4.0,3,0,2,SUMEET AGARWAL,0,CORE
329,M,EEL709,PATTERN RECOGNITION,3.0,3,0,0,SANTANU CHAUDHURY,0,
330,F,EEL710,CODING THEORY,3.0,3,0,0,RANJAN BOSE,0,
331,A,EEL711,SIGNAL THEORY,3.0,3,0,0,RANJAN MALLIK,0,CORE
332,D,EEL713,MICROWAVE THEORY AND CIRCUITS,3.0,3,0,0,MAHESH ABEGAONKAR,0,CORE
333,E,EEL714,INFORMATION THEORY,3.0,3,0,0,MANAV BHATNAGAR,0,
334,B,EEL721,LINEAR SYSTEM THEORY,3.0,3,0,0,INDRA KAR,0,CORE
335,C,EEL731,DIGITAL SIGNAL PROCESSING-I,3.0,3,0,0,R K PATNEY,0,CORE
336,C,EEL732,MICROELECTRONICS,3.0,3,0,0,M JAGADESH KUMAR,0,CORE
337,E,EEL734,MOS VLSI,3.0,3,0,0,BASABI BHAUMIK,0,CORE
338,J,EEL741,MODELLING & ANALYSIS OF ELECTRICAL MACHINES,3.0,3,0,0,K R RAJAGOPAL,0,CORE
339,H,EEL742,PHYSICAL PHENOMENON & DESIGN CONCEPTS IN MACHINES,3.0,3,0,0,BHIM SINGH,0,CORE
340,A,EEL743,POWER ELECTRONIC DEVICES & DC CONVERTERS,3.0,3,0,0,MUMMADI VEERACHARY,0,CORE
341,B,EEL744,AC CONTROLLERS,3.0,3,0,0,BHIM SINGH,0,CORE
342,H,EEL749,SPECIAL ELECTROMECHANICAL SYSTEMS,3.0,3,0,0,BHIM SINGH,0,
343,H,EEL754,COMPUTER GRAPHICS,4.0,3,0,2,M HANMANDLU,0,
344,B,EEL762,DIGITAL COMMUNICATION,3.0,3,0,0,SHANKAR PRAKRIYA,0,CORE
345,F,EEL769,DIGITAL COMMUNICATION AND INFORMATION SYSTEMS,3.0,3,0,0,VINOD CHANDRA,0,CORE
346,F,EEL771,RANDOM PROCESS IN CONTROL & ESTIMATION,3.0,3,0,0,RKP BHATT,0,CORE
347,J,EEL781,NEURAL NETWORKS,3.0,3,0,0,JAYADEVA,0,
348,D,EEL782,ANALOG INTEGRATED CIRCUITS,3.0,3,0,0,MUKUL SARKAR,0,CORE
349,H,EEL789,OPTOELECTRONIC INSTRUMENTATION,3.0,3,0,0,V K JAIN,0,
350,A,EEL791,POWER SYSTEM ANALYSIS,3.0,3,0,0,ABHIJIT ABHYANKAR,0,CORE
351,E,EEL792,POWER SYSTEM PROTECTION,3.0,3,0,0,BIJAYA PANIGRAHI,0,CORE
352,M,EEL794,HIGH VOLTAGE DC TRANSMISSION,3.0,3,0,0,SUKUMAR MISHRA,0,
353,F,EEL797,POWER SYSTEM DYNAMICS,3.0,3,0,0,MOHAN KOTHARI,0,CORE
354,C,EEL806,COMPUTER VISION,4.0,3,0,2,SUMANTRA DUTTA ROY,0,
355,B,EEL813,SELECTED TOPICS III,3.0,3,0,0,KUSHAL KUMAR SHAH,0,
356,M,EEL818,TELECOMMUNICATION TECHNOLOGIES,3.0,3,0,0,SUBRAT KAR,0,CORE
357,D,EEL823,DISCRETE TIME SYSTEMS,3.0,3,0,0,S JANARDHANA N,0,
358,M,EEL824,NONLINEAR SYSTEMS,3.0,3,0,0,SHAUNAK SEN,0,
359,D,EEL831,DIGITAL SIGNAL PROCESSING II,3.0,3,0,0,BREJESH LALL,0,
360,E,EEL838,CMOS RF IC DESIGN,3.0,3,0,0,G S VISWESWARA N,0,
361,M,EEL844,ADVANCED OR SELECTED TOPICS IN POWER ELECTRONICS,3.0,3,0,0,MUMMADI VEERACHARY,0,
362,D,EEL851,SPECIAL TOPICS IN COMPUTERS I,3.0,3,0,0,SANTANU CHAUDHURY,0,
363,L,EEL852,SPECIAL TOPICS IN COMPUTERS - II,3.0,3,0,0,SWADES DE,0,
364,B,EEL858,MOBILE COMPUTING,3.0,3,0,0,H M GUPTA,0,
365,F,EEL861,SELECTED TOPICS IN COMMUN ENGG.-I,3.0,3,0,0,S D JOSHI,0,
366,M,EEL862,SELECTED TOPICS IN COMMUNICATION ENGINEERING-II,3.0,3,0,0,ANUJ DHAWAN,0,
367,C,EEL863,SELECTED TOPICS IN COMMUNICATION ENGINEERING - III,3.0,3,0,0,SURINDRA PRASAD,0,
368,E,EEL879,SELECTED TOPICS IN ADV CONTROL & SYSTEM THEORY-II,3.0,3,0,0,MASHUQ-UN- NABI,0,
369,L,EEL881,ISSUES IN DEEP SUBMICRO CMOS IC DESIGN,3.0,3,0,0,SHOURIBRAT A CHATTERJEE,0,
370,A,EEL890,PHOTONIC SWITCHING AND NETWORKING,3.0,3,0,0,DEVI CHADHA,0,
371,NP,EEN110,INTRO TO ELECT ENGG,2.0,0,0,4,SUMANTRA DUTTA ROY,0,CORE
372,NP,EEN120,INTRO TO ELECT ENGG.(POWER),2.0,0,0,4,ABHIJIT ABHYANKAR,0,CORE
373,E,EEP209,POWER ELECTRONICS LABORATORY,1.5,0,0,3,MUMMADI VEERACHARY,0,CORE
374,F,EEP301,CONTROL ENGINEERING LABORATORY,1.5,0,0,3,SHAUNAK SEN,0,CORE
375,D,EEP306,COMMUNICATION ENGINEERING LABORATORY,1.5,0,0,3,SWADES DE,0,CORE
376,R,EEP701,DIGITAL SYSTEM LAB,2.0,0,0,4,SUBRAT KAR,0,CORE
377,P,EEP717,COMMUNICATION LAB I,2.0,0,0,4,SHANKAR PRAKRIYA,0,CORE
378,D,EEP719,COMMUNICATION LAB II,2.0,0,0,4,S K KOUL,0,CORE
379,P,EEP725,CONTROL LABORATORY,3.0,0,0,6,RKP BHATT,0,CORE
380,P,EEP735,IEC LABORATORY I,3.0,0,0,6,JAYADEVA,0,CORE
381,P,EEP773,TELECOMMUNICATION SOFTWARE LABORATORY,3.0,0,1,4,SUBRAT KAR,0,CORE
382,P,EEP776,WIRELESS COMMUNICATION LABORATORY,3.0,0,1,4,RANJAN BOSE,0,CORE
383,P,EEP791,POWER SYSTEMS LAB-I,2.0,0,0,4,P R BIJWE,0,CORE
384,C,EEP841,ELECTRICAL MACHINES LABORATORY,1.5,0,0,3,K R RAJAGOPAL,0,CORE
385,B,EEP842,POWER ELECTRONICS LABORATORY,1.5,0,0,3,BHIM SINGH,0,CORE
386,P,EET410,PRACTICAL TRAINING,0.0,0,0,0,SUKUMAR MISHRA,0,CORE
387,P,EET420,PRACTICAL TRAINING,0.0,0,0,0,SUKUMAR MISHRA,0,CORE
388,P,EET841,INDUSTRIAL TRAINING AND SEMINAR,3.0,3,0,0,MUMMADI VEERACHARY,0,
389,P,EEV403,SPECIAL MODULE IN ELECTRICAL MACHINES,1.0,1,0,0,SUKUMAR MISHRA,0,
390,P,EPC410,COLLOQUIUM (PH),3.0,0,3,0,JITENDRA SINGH,0,CORE
391,P,EPD411,MAJOR PROJECT PART 1 (PH),3.0,0,0,6,SANTANU GHOSH,0,CORE
392,P,EPD412,MAJOR PROJECT PART 2 (PH),7.0,0,0,14,SANTANU GHOSH,0,
393,A,EPL211,PRINCIPLES OF MATERIAL SYNTHESIS,4.0,3,1,0,SUJEET CHAUDHARY,0,CORE
394,J,EPL213,FUNDAMENTALS OF SEMICONDUCTORS,4.0,3,1,0,RAJENDRA SINGH,0,CORE
395,C,EPL334,LASERS,3.0,3,0,0,AMARTYA SENGUPTA,0,
396,B,EPL335,LOW DIMENSIONAL PHYSICS,4.0,3,1,0,D K PANDYA,0,
397,J,EPL441,APPLICATIONS OF LASERS IN TECHNOLOGY,3.0,3,0,0,ALOKA SINHA,0,
398,E,EPL442,FIBER AND INTEGRATED OPTICS,3.0,3,0,0,B P PAL,0,
399,H,EPL445,ENGINEERING OPTICS,3.0,3,0,0,JOBY JOSEPH,0,
400,D,EPL446,SPINTRONICS AND DATA STORAGE,3.0,3,0,0,PINTU DAS,0,
401,NM,EPN110,IINTRODUCTION TO ENGINEERING PHYSICS,2.0,0,0,4,K THYAGARAJA N,0,CORE
402,P,EPP215,PHYSICS LABORATORY - II,3.0,0,0,6,R K SONI,0,CORE
403,P,EPP301,DESIGN LABORATORY,4.0,0,0,8,JITENDRA SINGH,0,CORE
404,P,EPT410,PRACTICAL TRAINING,0.0,0,0,0,JITENDRA SINGH,0,CORE
405,H,ESL300,SELF-ORGANIZING DYNAMICAL SYSTEMS,3.0,3,0,0,R P SHARMA,0,
406,A,ESL330,"ENERGY, ECOLOGY AND ENVIRONMENT",4.0,3,1,0,T C KANDPAL,0,
407,X2,ESL710,"ENERGY,ECOLOGY AND ENVIRONMENT",3.0,3,0,0,RAMESH NARAYANAN,0,CORE
408,X1,ESL711,FUEL TECHNOLOGY,3.0,3,0,0,M G DASTIDAR,0,CORE
409,F,ESL711,FUEL TECHNOLOGY,3.0,3,0,0,D K SHARMA,0,CORE
410,C,ESL714,POWER PLANT ENGG,3.0,3,0,0,K A SUBRAMANIA N,0,
411,X1,ESL730,DIRECT ENERGY CONVERSION,3.0,3,0,0,A GANGULI,0,CORE
412,B,ESL740,NON-CONVENTIONAL SOURCES OF ENERGY,3.0,3,0,0,VAMSI KOMARALA,0,CORE
413,X3,ESL740,NON-CONVENTIONAL SOURCES OF ENERGY,3.0,3,0,0,RAMESH NARAYANAN,0,CORE
414,X3,ESL745,ENVIRONNENTAL AUDIT & IMPACT ASSESSMENT,3.0,3,0,0,VAMSI KOMARALA,0,
415,J,ESL746,HYDROGEN ENERGY,3.0,3,0,0,L M DAS,0,
416,X1,ESL746,HYDROGEN ENERGY,3.0,3,0,0,K A SUBRAMANIA N,0,
417,E,ESL755,SOLAR PHOTOVOLTAIC DEVICES AND SYSTEMS,3.0,3,0,0,VAMSI KOMARALA,0,
418,D,ESL760,HEAT TRANSFER,3.0,3,0,0,S C MULLICK,0,CORE
419,M,ESL768,WIND & SMALL HYDRO ENERGY SYSTMS,3.0,3,0,0,T S BHATTI,0,
420,X2,ESL768,WIND & SMALL HYDRO ENERGY SYSTMS,3.0,3,0,0,T S BHATTI,0,
421,J,ESL770,SOLAR ENERGY UTILIZATION,3.0,3,0,0,G N TEWARI,0,
422,E,ESL774,QUANTITATIVE METHODS FORENERGY MANAGEMENT & PLG,3.0,3,0,0,RAMESH NARAYANAN,0,CORE
423,X2,ESL777,ENVIRONMENTAL SCIENCE AND ENGINEERING,3.0,3,0,0,MRS UMA,0,CORE
424,K,ESL810,MHD POWER GENERATION,3.0,3,0,0,R P SHARMA,0,
425,K,ESL850,SOLAR REFRIGERATION AND AIR CONDITIONING,3.0,3,0,0,S C KAUSHIK,0,
426,M,ESL870,FUSION ENERGY,3.0,3,0,0,R P SHARMA,0,
427,X4,ESN704,BASIC THERMAL ENGG,0.0,1,0,0,S C KAUSHIK,0,CORE
428,X4,ESN712,BASIC ELECTRICAL ENGG,0.0,1,0,0,VIRESH DUTTA,0,CORE
429,X5,ESN791,APPLIED MATHEMATICS & COMPUTATIONAL METHODS,0.0,0,0,0,MRS UMA,0,CORE
430,P,ESP713,ENERGY LABORATORY,3.0,0,0,6,VAMSI KOMARALA,0,CORE
431,P,HUC722,SEMINAR,3.0,0,0,6,C A TOMY,0,
432,M,HUL211,INTRODUCTION TO ECONOMICS,4.0,3,1,0,REETIKA KHERA,0,
433,A,HUL211,INTRODUCTION TO ECONOMICS,4.0,3,1,0,JAYAN THOMAS,0,
434,M,HUL212,MICROECONOMICS,4.0,3,1,0,SOURABH PAUL,0,
435,A,HUL213,MACRO ECONOMICS,4.0,3,1,0,V UPADHYAY,0,
436,M,HUL231,AN INTRODUCTION TO LITERATURE,4.0,3,1,0,ANGELIE MULTANI,0,
437,M,HUL239,INDIAN FICTION IN ENGLISH,4.0,3,1,0,RUKMINI NAIR,0,
438,M,HUL242,FUNDAMENTALS OF LANGUAGE SCIENCES,4.0,3,1,0,RAJAKRISHNA N RAJKUMAR,0,
439,A,HUL256,CRITICAL THINKING,4.0,3,1,0,C A TOMY,0,
440,A,HUL261,INTRODUCTION TO PSYCHOLOGY,4.0,3,1,0,PURNIMA SINGH,0,
441,A,HUL272,INTRODUCTION TO THE SOCIOLOGY OF INDIA,4.0,3,1,0,FARHANA IBRAHIM,0,
442,M,HUL281,TECHNOLOGY AND GOVERNANCE,4.0,3,1,0,RICHA KUMAR,0,
443,A,HUL286,SOCIAL SCIENCE APPROACHES TO DEVELOPMENT,4.0,3,1,0,UPASNA SHARMA,0,
444,A,HUL289,"SCIENCE, TECHNOLOGY AND HUMAN DEVELOPMENT",4.0,3,1,0,AMBUJ SAGAR,0,
445,M,HUL311,APPLIED GAME THEORY,3.0,3,0,0,DEBASIS MONDAL,0,
446,M,HUL315,ECONOMETRIC METHODS,3.0,3,0,0,ANKUSH AGRAWAL,0,
447,A,HUL317,APPLIED POSITIVE PSYCHOLOGY,4.0,3,1,0,KAMLESH SINGH,0,
448,M,HUL335,INDIAN THEATRE,3.0,3,0,0,ARJUN GHOSH,0,
449,A,HUL336,WORKSHOP IN CREATIVE WRITING,3.0,3,0,0,RUKMINI NAIR,0,
450,A,HUL338,FUNCTIONS OF SATIRE,3.0,3,0,0,DIVYA DWIVEDI,0,
451,A,HUL340,SELECTED TOPICS IN LITERATURE,3.0,3,0,0,Simona Sawhney,0,
452,A,HUL350,SELECTED TOPICS IN LINGUISTICS,3.0,3,0,0,PAROMA SANYAL,0,
453,M,HUL351,PHILOSOPHY OF HISTORY,3.0,3,0,0,BHARATI PURI,0,
454,A,HUL353,PHILOSOPHICAL THEMES IN BIOLOGICAL SCIENCES,3.0,3,0,0,SANIL V,0,
455,M,HUL360,SELECTED TOPICS IN PHILOSOPHY,3.0,3,0,0,ARUDRA BURRA,0,
456,A,HUL362,ORGANIZATIONAL BEHAVIOUR,3.0,3,0,0,VARSHA SINGH,0,
457,A,HUL371,"SCIENCE, TECHNOLOGY AND SOCIETY",3.0,3,0,0,NAVEEN KAMALUDDIN,0,
458,M,HUL375,THE SOCIOLOGY OF RELIGION,3.0,3,0,0,SARBESWAR SAHOO,0,
459,M,HUL810,COMMUNICATION SKILLS,3.0,3,0,0,NAVEEN KAMALUDDIN,0,
460,HM,HUN100,INTRO TO HUMANITIES & SOCIAL SCIENCES,2.0,0,0,4,VARSHA SINGH,0,CORE
461,E,IDL711,INSTRUMENTATION TRANSDUCERS,3.0,3,0,0,D T SHAHANI,0,CORE
462,B,IDL713,ADVANCED ELECTRONIC AND COMP AND CIRCUITS,3.0,3,0,0,A L VYAS,0,
463,H,IDL731,OPTICAL COMPO. & BASIC INSTR,3.0,3,0,0,CHANDRA SHAKHER,0,
464,C,IDL735,SCIENTIFIC AND ENGINEERING APPLICATIONS OF MOIRE,3.0,2,0,2,"GUFRAN SAYEED KHAN",0,
465,J,IDL737,DISPLAY DIVICES AND TECHNOLOGIES,3.0,3,0,0,DALIP MEHTA,0,
466,P,IDP703,INSTRUMENT TECHNOLOGY,3.0,0,0,6,D T SHAHANI,0,CORE
467,P,IDP704,INSTRUMENT TECHNOLOGY LAB-II,3.0,0,0,6,D T SHAHANI,0,CORE
468,P,IDP705,ADVANCED INSTRUMENT TECHNOLOGY LAB,4.0,0,0,8,A L VYAS,0,CORE
469,P,IDS720,INDEPENDENT STUDY,3.0,0,3,0,A K AGARWALA,0,
470,A,ITL703,FUNDAMENTALS OF TRIBOLOGY,4.0,3,0,2,JAYASHREE BIJWE,0,CORE
471,M,ITL705,MATERIAL FOR TRIBOLOGICAL APPLICATIONS,3.0,3,0,0,DEEPAK KUMAR,0,CORE
472,B,ITL709,MAINTENANCE PLANNING & CONTROL,3.0,3,0,0,O P GANDHI,0,CORE
473,E,ITL711,"RELIABILITY AVAILABILITY AND MAINTAINABILITY(RAM)",3.0,3,0,0,O P GANDHI,0,CORE
474,H,ITL752,BULK MATERIALS HANDLING,3.0,2,0,2,V K AGARWAL,0,
475,F,ITL760,NOISE MONITORING AND CONTROL,3.0,2,0,2,NARESH TANDON,0,
476,P,JCD799,MINOR PROJECT,3.0,0,0,6,S DHARMARAJA,0,
477,P,JCD801,MAJOR PROJECT PART-I,6.0,0,0,12,S DHARMARAJA,0,CORE
478,P,JCD802,MAJOR PROJECT PART-II,12.0,0,0,24,S DHARMARAJA,0,CORE
479,P,JCS800,INDEPENDENT STUDY,3.0,3,0,0,S DHARMARAJA,0,
480,P,JID801,MAJOR PROJECT PART-I,6.0,0,0,12,NARESH TANDON,0,CORE
481,P,JMD801,MAJOR PROJECT PART-I,6.0,0,0,12,MANAV BHATNAGAR,0,CORE
482,P,JND801,MAJOR PROJECT PART 1 (JEN),6.0,0,0,12,K A SUBRAMANIA N,0,CORE
483,P,JND802,MAJOR PROJECT II (JEN),12.0,0,0,24,K A SUBRAMANIA N,0,CORE
484,P,JSD799,MINOR PROJECT(JES),6.0,0,0,12,K A SUBRAMANIA N,0,
485,P,JSD801,MAJOR PROJECT PART-I,6.0,0,0,12,K A SUBRAMANIA N,0,CORE
486,P,JSD802,MAJOR PROJECT PART-II,12.0,0,0,24,K A SUBRAMANIA N,0,CORE
487,P,JSS801,INDEPENDENT STUDY(JES),3.0,3,0,0,K A SUBRAMANIA N,0,
488,P,JVD801,MAJOR PROJECT PART-I,6.0,0,0,12,ANSHUL KUMAR,0,CORE
489,P,JVD802,MAJOR PROJECT PART-II,12.0,0,0,24,ANSHUL KUMAR,0,CORE
490,P,MAC450,COLLOQUIUM (MT),3.0,0,3,0,SIVANANTHAN SAMPATH,0,CORE
491,P,MAD350,MINI PROJECT (MT),3.0,0,0,6,A TRIPATHI,0,
492,P,MAD703,PROJECT PART I*,4.0,0,0,8,SIVANANTHAN SAMPATH,0,CORE
493,P,MAD704,PROJECT PART - II,4.0,0,0,8,SIVANANTHAN SAMPATH,0,CORE
494,P,MAD851,MAJOR PROJECT PART 1 (MT),6.0,0,0,12,A TRIPATHI,0,CORE
495,P,MAD852,MAJOR PROJECT PART 2 (MT),14.0,0,0,28,A TRIPATHI,0,CORE
496,P,MAD853,MAJOR PROJECT PART 1 (MT),4.0,0,0,8,A TRIPATHI,0,CORE
497,P,MAD854,MAJOR PROJECT PART 2 (MT),16.0,0,0,32,A TRIPATHI,0,CORE
498,DP,MAL100,CALCULUS,4.0,3,1,0,A TRIPATHI,0,
499,DM,MAL100,CALCULUS,4.0,3,1,0,A TRIPATHI,0,
500,DM,MAL101,LINEAR ALGEBRA & DIFFERENTIAL EQUATIONS,4.0,3,1,0,RITUMONI SARMA,0,
501,DP,MAL101,LINEAR ALGEBRA & DIFFERENTIAL EQUATIONS,4.0,3,1,0,RITUMONI SARMA,0,
502,F,MAL230,NUM METHODS & COMPUTATION,4.0,3,1,0,HARISH KUMAR,0,CORE
503,E,MAL245,TOPOLOGY AND FUNCTIONAL ANALYSIS,4.0,3,1,0,SUBIMAN KUNDU,0,CORE
504,D,MAL250,PROBABILITY & STOCHASTIC PROCESSES,4.0,3,1,0,S DHARMARAJA,0,CORE
505,J,MAL270,"MEASURE, INTEGRAL AND PROBABILITY",4.0,3,1,0,SUBIMAN KUNDU,0,
506,F,MAL335,DIFFERENTIAL EQUATIONS,4.0,3,1,0,S CHANDRA RAO,0,CORE
507,B,MAL358,OPERATING SYSTEMS,4.0,3,0,2,BHAWANI PANDA,0,CORE
508,K,MAL376,GRAPH ALGORITHMS,4.0,3,1,0,BHAWANI PANDA,0,
509,K,MAL466,MULTIVARIATE STATISTICAL METHODS,4.0,3,1,0,NILADRI CHATTERJEE,0,
510,C,MAL503,LINEAR ALGEBRA,4.0,3,1,0,S CHANDRA RAO,0,CORE
511,M,MAL509,PROBABILITY THEORY,4.0,3,1,0,N KUMAR,0,CORE
512,B,MAL513,REAL ANALYSIS,4.0,3,1,0,SIVANANTHAN SAMPATH,0,CORE
513,A,MAL517,DIFFERENTIAL EQUATIONS,4.0,3,1,0,KONIJETI SREENADH,0,CORE
514,H,MAL519,INTRODUCTION TO COMPUTERS AND PROGRAMMING,4.0,3,0,2,V VK KUMAR,0,CORE
515,B,MAL601,TOPOLOGY,4.0,3,1,0,AMIT PRIYADARSHI,0,CORE
516,F,MAL609,BASIC COMPUTER SCIENCE,4.0,3,0,2,B CHANDRA,0,CORE
517,D,MAL630,PARTIAL DIFFERENTIAL EQUATIONS,4.0,3,1,0,V VK KUMAR,0,CORE
518,C,MAL638,APPLIED NON-LINEAR PROGRAMMING,4.0,3,1,0,APARNA MEHRA,0,
519,F,MAL701,INTRODUCTION TO PROGRAMMING AND DATA STRUCTURES,4.0,3,0,2,SAVITA GOEL,0,CORE
520,H,MAL705,DISCRETE MATHEMATICAL STRUCTURES,3.0,3,0,0,APARNA MEHRA,0,CORE
521,C,MAL715,DIGITAL IMAGE PROCESSING,4.0,3,0,2,RAJESH BHATT,0,CORE
522,K,MAL717,FUZZY SETS & APPLICATIONS,3.0,3,0,0,SURESH CHANDRA,0,
523,K,MAL724,CRYPTOLOGY,3.0,3,0,0,RAJENDRA SHARMA,0,
524,E,MAL725,STOCHASTIC PROCESSES & APPLICATIONS,4.0,3,1,0,S DHARMARAJA,0,
525,K,MAL730,CRYPTOGRAPHY,4.0,3,1,0,RAJENDRA SHARMA,0,
526,J,MAL732,FINANCIAL MATHEMATICS,4.0,3,1,0,SURESH CHANDRA,0,
527,A,MAL737,Differential Geometry,4.0,3,1,0,N KUMAR,0,
528,F,MAL745,SOFTWARE ENGINEERING,4.0,3,0,2,NILADRI CHATTERJEE,0,CORE
529,L,MAL782,DATA MINING AND KNOWLEDGE DISCOVERY,4.0,3,0,2,B CHANDRA,0,
530,K,MAL786,CRYPTOLOGY,4.0,3,1,0,RAJENDRA SHARMA,0,
531,J,MAL860,LINEAR ALGEBRA,3.0,3,0,0,ANURADHA SHARMA,0,
532,P,MAP290,SYSTEM DESIGN LABORATORY,2.0,0,0,4,B CHANDRA,0,CORE
533,P,MAP701,COMPUTING LAB I,2.0,0,0,4,BHAWANI PANDA,0,CORE
534,P,MAP707,PROGRAMMING LANGUAGES LABORATORY,2.0,0,0,4,BHAWANI PANDA,0,CORE
535,P,MAT450,PRACTICAL TRAINING,0.0,0,0,0,SIVANANTHAN SAMPATH,0,CORE
536,K,MEC410,COLLOQUIUM (ME),3.0,0,3,0,SUDARSAN GHOSH,0,CORE
537,K,MEC420,COLLOQUIUM (PE),3.0,0,3,0,SUDARSAN GHOSH,0,CORE
538,P,MED411,MAJOR PROJECT PART 1 (ME),3.0,0,0,6,ANJAN RAY,0,CORE
539,P,MED412,MAJOR PROJECT PART 2 (ME),7.0,0,0,14,ANJAN RAY,0,
540,P,MED421,MAJOR PROJECT PART 1 (PE),3.0,0,0,6,ANJAN RAY,0,CORE
541,P,MED422,MAJOR PROJECT PART 2 (PE),7.0,0,0,14,ANJAN RAY,0,
542,P,MED811,MAJOR PROJECT PART-I,6.0,0,0,12,B PREMACHAND RAN,0,CORE
543,P,MED812,MAJOR PROJECT PART-II,12.0,0,0,24,B PREMACHAND RAN,0,CORE
544,P,MED831,MAJOR PROJECT PART-I,6.0,0,0,12,JAYANTA DUTT,0,CORE
545,P,MED832,MAJOR PROJECT PART-II,12.0,0,0,24,JAYANTA DUTT,0,CORE
546,P,MED861,MAJOR PROJECT PART-I,6.0,0,0,12,NOMESH BOLIA,0,CORE
547,P,MED862,MAJOR PROJECT PART-II,12.0,0,0,24,NOMESH BOLIA,0,CORE
548,P,MED881,MAJOR PROJECT PART-I,6.0,0,0,12,SIVANANDAM ARAVINDAN,0,CORE
549,P,MED882,MAJOR PROJECT PART-II,12.0,0,0,24,SIVANANDAM ARAVINDAN,0,CORE
550,P,MED895,MAJOR PROJECT,40.0,0,0,80,ASHISH DARPE,0,
551,B,MEL140,ENGINEERING THERMODYNAMICS,4.0,3,1,0,P MV SUBBARAO,0,CORE
552,H,MEL221,INDUSTRIAL ENGINEERING AND OPERATIONS RESEARCH,4.0,3,0,2,KIRAN SETH,0,CORE
553,F,MEL233,MACHINING; MACHINE- TOOLS AND METROLOGY,4.0,3,0,2,P RAO,0,CORE
554,D,MEL242,HEAT AND MASS TRANSFER,4.0,3,1,0,PRABAL TALUKDAR,0,CORE
555,B,MEL311,MACHINE ELEMENT DESIGN,5.0,3,1,2,R K PANDEY,0,CORE
556,F,MEL331,MACHINE-TOOLS AND CNC MANUFACTURING,4.0,3,0,2,P VMADHUSU DHAN RAO,0,CORE
557,F,MEL342,POWER PLANT TECHNOLOGIES,4.0,3,0,2,S R KALE,0,
558,D,MEL413,DESIGN OF MECHANISMS,4.0,3,1,0,SUDIPTO MUKHERJEE,0,
559,H,MEL420,TOTAL QUALITY MANAGEMENT,4.0,3,0,2,MAKARAND KULKARNI,0,
560,E,MEL421,PRODUCTION MANAGEMENT,4.0,3,0,2,S G DESHMUKH,0,CORE
561,M,MEL423,COMPUTERS IN MANUFACTURING ENTERPRISES,4.0,3,0,2,VIPUL JAIN,0,CORE
562,E,MEL441,MODELING AND EXPERIMENTS IN HEAT TRANSFER,4.0,2,0,4,SUPREET SINGH BAHGA,0,
563,H,MEL442,THERMAL ANALYSIS OF BIO-SYSTEMS,4.0,3,0,2,AMIT GUPTA,0,
564,H,MEL671,VALUE ENGINEERING,3.0,2,0,2,ANAND GUPTA,0,
565,C,MEL703,ADVANCED THERMODYNAMICS,3.0,3,0,0,M R RAVI,0,CORE
566,A,MEL705,EXPERIMENTAL METHODS IN THERMAL ENGG,4.0,2,0,4,SANGEETA KOHLI,0,CORE
567,B,MEL707,APPLIED MATHEMATICS FOR MECHANICAL ENGG,3.0,2,0,2,SASIDHAR KONDARAJU,0,CORE
568,F,MEL710,AIR-CONDITIONING,4.0,3,0,2,SANJEEV JAIN,0,
569,J,MEL713,DESIGN OF IC ENGINE COMPONENTS & SUB- SYSTEMS,4.0,3,0,2,P MV SUBBARAO,0,
570,H,MEL715,GAS DYNAMICS,4.0,3,0,2,SUBHRA DATTA,0,
571,D,MEL731,ANALYTICAL DYNAMICS,3.0,3,0,0,SATINDER SINGH,0,
572,B,MEL732,ADVANCED MECHANICAL DESIGN,4.0,3,0,2,T K KUNDRA,0,
573,E,MEL733,VIBRATIONS AND NOISE ENGINEERING,4.0,3,0,2,ASHISH DARPE,0,
574,A,MEL734,INSTRUMENTATION & AUTOMATIC CONTROL SYSTEMS,4.0,3,0,2,JAYANTA DUTT,0,
575,C,MEL735,CAD AND FINITE ELEMENT ANALYSIS,4.0,3,0,2,ANOOP CHAWLA,0,
576,B,MEL751,INDUSTRIAL ENGG. & SYSTEMS,4.0,3,0,2,S G DESHMUKH,0,CORE
577,J,MEL761,STATISTICS FOR DECISION MAKING,4.0,3,0,2,NOMESH BOLIA,0,CORE
578,A,MEL765,OPERATIONS RESEARCH,4.0,3,0,2,KIRAN SETH,0,CORE
579,D,MEL769,METAL FORMING ANALYSIS,4.0,3,0,2,DIGAVALLI RAVI KUMAR,0,CORE
580,C,MEL770,Introduction to Stochastic Modeling and Simulation,4.0,3,0,2,NOMESH BOLIA,0,
581,A,MEL781,MACHINING PROCESSES AND ANALYSIS,4.0,3,0,2,SUDARSAN GHOSH,0,CORE
582,E,MEL783,AUTOMATION IN MANUFACTURING,4.0,3,0,2,SUNIL JHA,0,
583,C,MEL787,WELDING AND ALLIED PROCESSES,4.0,3,0,2,SIVANANDAM ARAVINDAN,0,CORE
584,B,MEL791,COMPOSITE MATERIALS & PROCESSING,4.0,3,0,2,NARESH BHATNAGAR,0,CORE
585,A,MEL801,FIRE DYNAMICS & ENGINEERING,4.0,2,0,4,S R KALE,0,
586,E,MEL807,COMPUTATIONAL HEAT TRANSFER,4.0,2,0,4,SANJEEV JAIN,0,
587,B,MEL809,HEAT TRANSFER APPLICATIONS,3.0,1,0,4,B PREMACHAND RAN,0,
588,C,MEL812,COMBUSTION,4.0,3,0,2,ANJAN RAY,0,
589,D,MEL837,ADVANCED MECHANISMS,4.0,3,0,2,SUDIPTO MUKHERJEE,0,
590,D,MEL840,EXPERIMENTAL MODAL ANALYSIS AND DYNAMIC DESIGN,4.0,3,0,2,SUBODH MODAK,0,
591,NM,MEN110,INTRODUCTION TO MECHANIICAL ENGINEERING,2.0,0,0,4,M R RAVI,0,CORE
592,NP,MEN120,INTRODUCTON PRODUCTIION AND INDUSTRIAL ENGG,2.0,0,0,4,SIVANANDAM ARAVINDAN,0,CORE
593,P,MEP100,ENGINEERING VISUALIZATION AND COMMUNICATION,2.0,0,0,3,SATINDER SINGH,0,
594,P,MEP101,PRODUCT REALIZATION BY MANFACTURING,2.0,0,0,4,PULAK PANDEY,0,
595,P,MES830,INDEPENDENT STUDY,4.0,0,4,0,JAYANTA DUTT,0,
596,P,MET410,PRACTICAL TRAINING,0.0,0,0,0,R K PANDEY,0,CORE
597,P,MET420,PRACTICAL TRAINING,0.0,0,0,0,R K PANDEY,0,CORE
598,P,PHD651,PROJECT I,3.0,0,0,6,SANKALPA GHOSH,0,CORE
599,P,PHD652,PROJECT II,6.0,0,0,12,SANKALPA GHOSH,0,CORE
600,P,PHD801,MAJOR PROJECT PART-I,6.0,0,0,12,NEERAJ KHARE,0,CORE
601,P,PHD802,MAJOR PROJECT PART-II,12.0,0,0,24,NEERAJ KHARE,0,CORE
602,P,PHD851,MAJOR PROJECT PART-I,6.0,0,0,12,JOBY JOSEPH,0,CORE
603,P,PHD852,MAJOR PROJECT PART-II,12.0,0,0,24,JOBY JOSEPH,0,CORE
604,CM,PHL100,ELECTROMAGNETIC WAVES & QUANTUM MECHANICS,3.0,3,0,0,M R SHENOY,0,
605,EP,PHL100,ELECTROMAGNETIC WAVES & QUANTUM MECHANICS,3.0,3,0,0,M R SHENOY,0,
606,DM,PHL120,PHYSICS OF MATERIALS,4.0,3,1,0,PANKAJ SRIVASTAVA,0,CORE
607,D,PHL551,CLASSICAL MECHANICS,4.0,3,1,0,K THYAGARAJA N,0,CORE
608,E,PHL553,MATHEMATICAL PHYSICS,4.0,3,1,0,H C GUPTA,0,CORE
609,C,PHL555,QUANTUM MECHANICS,4.0,3,1,0,SANKALPA GHOSH,0,CORE
610,H,PHL557,ELECTRONICS,4.0,3,1,0,MUKESH CHANDER,0,CORE
611,F,PHL565,COOPERATIVE PHENOMENA IN SOLIDS,4.0,3,1,0,NEERAJ KHARE,0,CORE
612,A,PHL567,ATOMIC & MOLEC SPECTROSCOPY,4.0,3,1,0,A K SHUKLA,0,CORE
613,B,PHL569,NUCLEAR PHYSICS,4.0,3,1,0,AMRUTA MISHRA,0,CORE
614,J,PHL653,SEMICONDUCTOR ELECTRONICS,3.0,3,0,0,VIKRAM KUMAR,0,
615,H,PHL654,EXPERIMENTAL METHODS,3.0,3,0,0,SANTANU GHOSH,0,
616,J,PHL656,MICROWAVES,3.0,3,0,0,R D TAREY,0,
617,C,PHL701,ELECTRONIC PROPERTIES OF MATERIALS,3.0,3,0,0,PRANABA MUDULI,0,CORE
618,D,PHL703,MATERIALS TECHNOLOGY,3.0,3,0,0,V D VANKAR,0,CORE
619,F,PHL705,PHYSICS OF SEMICONDUCTOR DEVICES,3.0,3,0,0,G B REDDY,0,CORE
620,E,PHL707,CHARACTERIZATION OF MATERIALS,3.0,3,0,0,RATANAMALA CHATTERJEE,0,CORE
621,A,PHL723,VACUUM SCIENCE AND CRYOGENICS,3.0,3,0,0,K THYAGARAJA N,0,
622,H,PHL727,QUANTUM HETEROSTRUCTURES,3.0,3,0,0,R K SONI,0,
623,F,PHL751,OPTICAL SOURCES DETECTORS AND PHOTOMETRY,3.0,3,0,0,DALIP MEHTA,0,CORE
624,B,PHL753,OPTICAL SYSTEM DESIGN,3.0,3,0,0,B D GUPTA,0,CORE
625,C,PHL755,STATISTICAL & QUANTUM OPTICS,3.0,3,0,0,KEDAR BHALCHANDR A KHARE,0,
626,D,PHL791,FIBER OPTICS,3.0,3,0,0,K THYAGARAJA N,0,CORE
627,E,PHL793,SEMICONDUCTOR OPTOELECTRO-NICS,3.0,3,0,0,VIJAYA PRAKASH GADDAM,0,CORE
628,J,PHL795,OPTICS AND LASERS,3.0,3,0,0,R K VARSHNEY,0,
629,J,PHL800,NUMERICAL & COMPUTATIONAL METHODS IN RESEARCH,3.0,3,0,0,ANURAG SHARMA,0,
630,QM,PHP100,PHYSICS LABORATORY,2.0,0,0,4,KEDAR BHALCHANDR A KHARE,0,CORE
631,QP,PHP100,PHYSICS LABORATORY,2.0,0,0,4,A K SHUKLA,0,CORE
632,P,PHP561,LABORATORY I,6.0,0,0,12,NEERAJ KHARE,0,CORE
633,P,PHP563,ADVANCED LABORATORY,4.0,0,0,8,NEERAJ KHARE,0,CORE
634,P,PHP711,SOLID STATE MATERIALS LAB-I,4.5,0,0,9,RAJENDRA SINGH,0,CORE
635,P,PHP761,OPTICS LABORATORY- I,3.0,0,0,6,ALOKA SINHA,0,CORE
636,P,PHP763,OPTICAL WORKSHOP,3.0,0,0,6,"GUFRAN SAYEED KHAN",0,CORE
637,P,RDD750,MINOR PROJECT,3.0,0,0,6,VIJAYARAGHA VAN CHARIAR,0,
638,J,RDL700,BIOMAS PRODUCTION,3.0,3,0,0,SATYAWATI SHARMA,0,
639,F,RDL701,RURAL INDUS POLCES PROGRM CASE,3.0,3,0,0,RAJENDRA PRASAD,0,
640,M,RDL705,RURAL RESOURCES AND LIVEIHODS,3.0,3,0,0,S N NAIK,0,
641,F,RDL722,RURAL ENERGY SYSTEMS,3.0,3,0,0,VIRENDRA VIJAY,0,
642,H,RDL724,TECHNOLOGIES WATER WASTE MGMT,3.0,3,0,0,ANUSHREE MALIK,0,
643,A,RDL730,TECH ALTERNATIVES RURAL DEV,3.0,3,0,0,VIJAYARAGHA VAN CHARIAR,0,
644,B,RDL740,TECH UTILIZATION WASTELANDS & WEEDS,3.0,3,0,0,ANUSHREE MALIK,0,
645,H,RDL760,Food Quality and Safety,3.0,3,0,0,SANTOSH,0,
646,D,RDL801,SUCCESSFUL FORMS GRASSROOT ORG,3.0,2,0,2,VIJAYARAGHA VAN CHARIAR,0,
647,P,SBC795,GRADUATE STUDENT RESEARCH SEMINAR,0.5,0,0,1,SEYED E HASNAIN,0,
648,B,SBL101,Modern Biology for Engineers,3.0,3,0,0,ADITYA MITTAL,0,
649,M,SBL701,BIOMETRY,3.0,3,0,0,ADITYA MITTAL,0,
650,K,SBL702,SYSTEMS BIOLOGY,3.0,3,0,0,JAMES GOMES,0,
651,F,SBL703,ADVANCED CELL BIOLOGY,3.0,3,0,0,BISHWAJIT KUNDU,0,
652,E,SBL708,Epigenetics in Human Health and Disease,3.0,3,0,0,VIVEKANANDA N PERUMAL,0,
653,B,SBL710,Chemical Biology,3.0,3,0,0,TAPAN CHAUDHURI,0,
654,D,SBL801,Signal Transduction and Drug Target Identification,3.0,3,0,0,CHINMOY DEY,0,
655,H,SBL802,Macromolecular Structure and Data Processing,3.0,3,0,0,MANIDIPA BANERJEE,0,
656,J,SBV888,Computer-Aided Drug Discovery,1.0,1,0,0,B JAYARAM,0,
657,P,SMD792,MINOR PROJECT,3.0,0,0,6,SHUCHI SINHA,0,
658,A,SML305,ORGANISATION OF ENGG SYS. & HUMAN RESOURCES MANAGE,4.0,3,1,0,SHUCHI SINHA,0,
659,Q,SML700,FUNDAMENTAL OF MANAGEMENT TECHNOLOGY,3.0,3,0,0,SUSHIL,0,CORE
660,H,SML710,CREATIVE PROBLEM SOLUTION,3.0,2,0,2,Sanjay Dhir,0,CORE
661,J,SML715,QUALITY & ENVIRONMENT MANAGEMENT SYSTEMS,3.0,2,0,2,JITENDRA MADAAN,0,CORE
662,T,SML720,BUSINESS ENVIRONMENT AND CORPORATE STRATEGIES,3.0,2,0,2,Sanjay Dhir,0,CORE
663,M,SML745,OPERATIONS MANAGEMENT,3.0,3,0,0,SURYA SINGH,0,CORE
664,R,SML760,MARKETING MANAGEMENT,3.0,2,0,2,MAHIM SAGAR,0,CORE
665,S,SML780,MANAGERIAL ECONOMICS,3.0,2,0,2,SEEMA SHARMA,0,CORE
666,S,SML822,INTERNATIONAL BUSINESS,3.0,2,0,2,SURENDRA YADAV,0,
667,U,SML829,CURRENT & EMERGING ISSUES IN STRATEGIC MANAGEMENT,3.0,3,0,0,Smita Kashiramka,0,
668,D,SML843,SUPPLY CHAIN MANAGEMENT,3.0,3,0,0,RAVI SHANKAR,0,
669,S,SML845,TOTAL PROJECT SYSTEMS MANAGEMENT,3.0,3,0,0,JITENDRA MADAAN,0,
670,R,SML853,SOFTWARE PROJECT MANAGEMENT,3.0,3,0,0,MANMOHAN GUPTA,0,
671,T,SML856,BUSINESS INTELLIGENCE,3.0,2,0,2,MANMOHAN GUPTA,0,
672,A,SML859,CURRENT AND EMERGING ISSUES IN INFORM TECH MANA,3.0,3,0,0,P ILAVARASAN,0,
673,C,SML861,MARKET RESEARCH,3.0,2,0,2,P ILAVARASAN,0,
674,Q,SML865,SALES MANAGAMENT,3.0,2,0,2,MAHIM SAGAR,0,
675,E,SML870,ADVANCED FINANCIAL MANAGEMENT,3.0,2,0,2,P K JAIN,0,
676,T,SML873,SECURITY ANALYSIS & PROOF MANAGEMENT,3.0,3,0,0,SHVETA SINGH,0,
677,B,SML874,INDIAN FINANCIAL SYSTEM,3.0,3,0,0,Smita Kashiramka,0,
678,M,SML875,INTERNATIONAL FINANCIAL MANAGEMENT,3.0,3,0,0,SURENDRA YADAV,0,
679,U,SMV794,COMMUNICATION SKILLS,1.5,1,0,1,SHUCHI SINHA,0,
680,K,SMV895,MANAGEMENT RESEARCH METHODOLOGY,1.0,1,0,0,P ILAVARASAN,0,
681,P,TTC410,COLLOQUIUM (TT),3.0,0,3,0,DEEPTI GUPTA,0,CORE
682,P,TTD411,MAJOR PROJECT PART 1 (TT),3.0,0,0,6,SOURABH GHOSH,0,CORE
683,P,TTD412,MAJOR PROJECT PART 2 (TT),7.0,0,0,14,SOURABH GHOSH,0,
684,P,TTD891,MAJOR PROJECT PART-I,6.0,0,0,12,BHUPENDRA BUTOLA,0,CORE
685,P,TTD893,MAJOR PROJECT PART-I,6.0,0,0,12,DIPAYAN DAS,0,CORE
686,J,TTL311,HIGH PERFORMANCE AND SPECIALTY FIBRES,3.0,3,0,0,MANJEET JASSAL,0,
687,H,TTL321,MECHANICS OF SPINNING MACHINERY,3.0,2,1,0,APURBA DAS,0,
688,E,TTL361,TEXTILE TESTING,3.0,3,0,0,BHUPENDRA BUTOLA,0,CORE
689,F,TTL362,THEORY OF TEXTILE STRUCTURES,5.0,3,2,0,R S RENGASAMY,0,CORE
690,A,TTL711,POLYMER AND FIBRE CHEMISTRY,3.0,3,0,0,BHUVANESH GUPTA,0,CORE
691,D,TTL712,POLYMER AND FIBRE PHYSICS,3.0,3,0,0,B L DEOPURA,0,CORE
692,E,TTL713,TECHNOLOGY OF MELT SPUN FIBRES,4.0,3,1,0,ASHWINI AGRAWAL,0,CORE
693,A,TTL721,THEORY OF YARN STRUCTURE,3.0,2,1,0,DIPAYAN DAS,0,CORE
694,D,TTL722,MECHANICS OF SPINNING PROCESS,3.0,3,0,0,ABHIJIT MUJUMDAR,0,CORE
695,F,TTL724,TEXTURED YARN TECHNOLOGY,3.0,3,0,0,KUSHAL SEN,0,
696,E,TTL731,THEORY OF FABRIC STRUCTURE,3.0,2,1,0,AMIT RAWAL,0,CORE
697,C,TTL741,COLOURATION OF TEXTILES,3.0,3,0,0,SAMRAT MUKHOPADH YAY,0,CORE
698,H,TTL742,THEORY AND PRACTICE OF TEXTILE FINISHING,3.0,2,0,2,DEEPTI GUPTA,0,
699,E,TTL750,SCIENCE OF CLOTHING COMFORT,3.0,3,0,0,R ALAGIRUSAM Y,0,
700,P,TTL761,COSTING PROJECT FORMULATION AND APPRAISAL,3.0,2,1,0,B K BEHERA,0,
701,M,TTL764,PROCESS CONTROL IN SPGRD AND WEAVING,3.0,3,0,0,R CHATTOPADH YAY,0,
702,C,TTL771,ELECTRONICS AND CONTROLS FOR TEXTILE INDUSTRY,4.0,3,0,2,SUNEET TULI,0,CORE
703,B,TTL772,COMPUTER PROGRAMMING AND ITS APPLICATION,3.0,2,0,2,PRAGYA JAIN,0,
704,B,TTL866,FUNCTIONAL & HIGH PERFORMANCE TEXTILES,3.0,2,1,0,MANGALA JOSHI,0,
705,NP,TTN110,INTRODUCTION TO TEXTILE TECHNOLOGY,2.0,0,0,4,MANGALA JOSHI,0,CORE
706,B,TTP200,DESIGN OF TEXTILE PRODUCTS AND PROCESSES,2.0,0,0,4,KUSHAL SEN,0,CORE
707,C,TTP361,TEXTILE TESTING LABORATORY,1.0,0,0,2,SOURABH GHOSH,0,CORE
708,P,TTP711,POLYMER & FIBRE CHEMISTRY LABORATORY,1.5,0,0,3,BHUVANESH GUPTA,0,CORE
709,P,TTP712,POLYMER & FIBRE PHYSICS LABORATORY,1.5,0,0,3,MANGALA JOSHI,0,CORE
710,J,TTP761,EVALUATION OF TEXTILE MATERIAL,1.0,0,0,2,R CHATTOPADH YAY,0,CORE
711,P,TTT410,PRACTICAL TRAINING,0.0,0,0,0,DEEPTI GUPTA,0,CORE
712,P,VED750,MINOR PROJECT,3.0,0,0,6,SANGEETA KOHLI,0,
713,M,VEL700,HUMAN VALUES AND TECHNOLOGY,3.0,2,1,0,M R RAVI,0,