S No,Slot,Course Code,Course Description,Course Credit,L,T,P,Course Co-Ordinator,Registered
1,A,AML110,ENGINEERING MECHANICS,4,3,0,2,SANTOSH KAPURIA,233
2,A,AML110,ENGINEERING MECHANICS,4,3,0,2,P K SEN,100
3,A,AMP776,PRODUCT DESIGN,3,1,0,4,S N SINGH,26
4,B,AML705,FINITE ELEMENT METHODS,4,3,0,2,BADRI PRASAD PATEL,35
5,B,AML160,MECHANICS OF FLUIDS,4,3,1,0,SANJEEV SANGHI,103
6,B,AML150,MECHANICS OF SOLIDS & FLUIDS,5,3,1,2,MALOY KUMAR SINGHA,49
7,B,AML110,ENGINEERING MECHANICS,4,3,0,2,N K GUPTA,100
8,B,AML751,MATERIALS FOR MARINE VEHICLES,3,3,0,0,SANTOSH S HOSMANI,19
9,B,AML750,MODERN ENGINEERING MATERIALS,3,3,0,0,RAJESH PRASAD,31
10,B,AML710,COMPUTER AIDED DESIGN,4,3,0,2,SRIRAM HEGDE,79
11,B,AML794,WARSHIP DESIGN,3,3,0,0,BALAJI SRINIVASAN,23
12,C,AML732,SOLID MECHANICS,3,3,0,0,S PRADYUMNA,24
13,C,AML773,MODELLING AND ANALYSIS,3,3,0,0,ANUPAM DEWAN,26
14,C,AML731,APPLIED ELASTICITY,4,3,1,0,R K MITTAL,22
15,D,AML734,ADVANCED DYNAMICS,4,3,1,0,SUHAIL AHMED,43
16,D,AML733,DYNAMICS,3,3,0,0,SUHAIL AHMED,19
17,D,AML140,MECHANICS OF SOLIDS,4,3,1,0,PUNEET MAHAJAN,100
18,D,AML791,SHIP RESISTANCE & PROPULSION,3,3,0,0,BALAJI SRINIVASAN,23
19,D,AML715,VISCOUS FLUID FLOWS,3,3,0,0,BALAJI SRINIVASAN,44
20,D,AMP772,FEASIBILITY STUDY,3,1,0,4,D K SEHGAL,25
21,D,AML130,EXPERIMENTAL METHODS AND ANALYSIS,5,3,1,2,MURALI RAMAN CHOLEMARI,82
22,E,AML711,ADVANCED FLUID MECHANICS,4,3,1,0,V SESHADRI,40
23,E,AML120,MATERIALS SCIENCE,4,3,0,2,S K GUPTA,254
24,E,AML713,APPLIED FLUID DYNAMICS,4,3,1,0,V SESHADRI,26
25,E,AML775,DESIGN METHODS,3,3,0,0,D K SEHGAL,26
26,F,AML702,APPLIED COMPUTATIONAL METHOD,4,3,0,2,SUHAIL AHMED,29
27,F,AML792,STRUCTURAL DESIGN OF SHIPS,3,3,0,0,BALAJI SRINIVASAN,23
28,F,AML805,ADVANCED FINITE ELEMENT METHODS,3,3,0,0,BADRI PRASAD PATEL,24
29,F,AML771,DECISION THEORY & DESIGN OPTIMIZATION,3,3,0,0,MALOY KUMAR SINGHA,25
30,H,AML701,ENGG MATHEMATICS & MECHANICS,3,3,0,0,BALAJI SRINIVASAN,27
31,H,AML851,FRACTURE MECHANICS,3,3,0,0,R K PANDEY,34
32,J,AML836,NON-LINEAR VIBRATION AND CHAOS,3,3,0,0,YOGENDRA NATH,9
33,P,AMD899,DESIGN PROJECT,10,0,0,20,BALAJI SRINIVASAN,19
34,P,AMD811,MAJOR PROJECT PART-I,6,0,0,12,ANUPAM DEWAN,19
35,P,AMD310,MINI PROJECT (AM),3,0,0,6,MURALI RAMAN CHOLEMARI,1
36,P,AMD813,MAJOR PROJECT PART-I,6,0,0,12,MALOY KUMAR SINGHA,18
37,P,AMD812,MAJOR PROJECT PART-II,12,0,0,24,SUHAIL AHMED,1
38,P,AMD895,MAJOR PROJECT,40,0,0,80,D K SEHGAL,2
39,B,BEL714,PROTEIN SCIENCE AND ENGINEERING,3,3,0,0,SAROJ MISHRA,11
40,B,BEL717,ANIMAL CELL TECHNOLOGY,4,3,0,2,P K ROYCHOUDHURY,10
41,C,BEL110,MOLECULAR CELL BIOLOGY,3,3,0,0,RITU KULSHRESTHA,67
42,C,BEL701,BIOTECHNOLOGY RESOURCE PLANNING AND IPR ISSUES,2,2,0,0,SUBHASH CHAND,27
43,C,BEL301,BIOPROCESS ENGINEERING,3,3,0,0,VIKRAM SAHAI,32
44,D,BEL417,BIOPHYSICS,3,3,0,0,SUNIL NATH,19
45,D,BEL715,BIOLOGICAL WASTE TREATMENT,4,3,0,2,T RSREEKRISHNAN,27
46,E,BEL722,GENOMICS AND PROTEOMICS,3,3,0,0,D SUNDAR,10
47,E,BEL101,BIOCHEMISTRY,5.5,3,1,3,PRASHANT MISHRA,36
48,E,BER350,PROFESSIONAL PRACTICES (BB),2,0,1,2,A K SRIVASTAVA,34
49,E,BEL850,ADVANCED BIOCHEMICAL ENGINEERING,5,3,0,4,ATUL NARANG,11
50,E,BEL403,ENZYME ENGINEERING AND TECHNOLOGY,4,3,0,2,SUBHASH CHAND,29
51,F,BEL412,IMMUNOLOGY,4,3,0,2,SHILPI SHARMA,22
52,F,BEL103,GENERAL MICROBIOLOGY,4.5,3,0,3,V S BISARIA,31
53,F,BEL416,MEMBRANE APPLICATIONS IN BIOPROCESSING,3,3,0,0,G P AGARWAL,14
54,F,BEP303,DESIGN OF BIOPROCESSES,2.5,0,1,3,VIKRAM SAHAI,32
55,F,BEL830,MICROBIAL BIOCHEMISTRY,3,3,0,0,SAROJ MISHRA,9
56,H,BEL810,ENZYME AND MICROBIAL TECHNOLOGY,3,3,0,0,S N MUKHOPADHYAY,6
57,H,BEL413,MODELLING AND SIMULATION OF BIOPROCESSES,4,3,0,2,A K SRIVASTAVA,37
58,J,BEL719,CURRENT TOPICS IN BIOCHEMICAL ENGINEERING AND BIOT,3,3,0,0,SAROJ MISHRA,22
59,J,BEL820,DOWNSTREAM PROCESSING,3,3,0,0,G P AGARWAL,9
60,N,BEN150,INTRO TOBO CHEM.&BO TECHNOLOHY,2,0,0,4,SUNIL NATH,45
61,P,BEP840,LAB TECH IN MICROBIAL BIOCHEMISTRY,2,0,0,4,PRASHANT MISHRA,9
62,P,BEC450,COLLOQUIUM (BB),3,0,3,0,SUBHASH CHAND,31
63,P,BED800,MAJOR PROJECT,40,0,0,80,PRASHANT MISHRA,6
64,P,BED853,MAJOR PROJECT PART 1 (BB),4,0,0,8,PRASHANT MISHRA,1
65,P,BES350,INDEPENDENT STUDY (BB),3,0,3,0,V S BISARIA,7
66,P,BET450,PRACTICAL TRAINING,0,0,0,0,G P AGARWAL,38
67,P,BED852,MAJOR PROJECT PART 2 (BB),14,0,0,28,PRASHANT MISHRA,1
68,P,BED851,MAJOR PROJECT PART 1 (BB),6,0,0,12,PRASHANT MISHRA,26
69,A,CHL603,ADVANCED TRANSPORT PHENOMENA,3,3,0,0,VIVEK VITTHAL BUWA,61
70,B,CHL701,PROCESS ENGG,4,3,0,2,RATAN MOHAN,51
71,B,CHL101,INTRO TO CHEM ENGG THERMODYNAMICS,3,2,1,0,ANUPAM SHUKLA,33
72,B,CHL103,CHEMICAL REACTOR ANALYSIS AND DESIGN,4,3,1,0,K DP NIGAM,39
73,B,CHL710,PROCESS DYNAMICS AND CONTROL,5,3,1,2,D P RAO,32
74,B,CHL111,MATERIAL & ENERGY BALANCE,4,2,2,0,ANIL KUMAR SAROHA,105
75,B,CHL133,POWDER PROCESSING AND TECHNOLOGY,4,3,1,0,B PITCHUMANI,87
76,C,CHL121,CHEM ENGG THERMODYNAMICS,4,3,1,0,SHANTANU ROY,114
77,C,CHL331,FLUID-PARTICLE MECHANICS,4,3,1,0,SUDIP KUMAR PATTANAYEK,85
78,C,CHL723,CHEMICAL REACTOR ENGG,3,3,0,0,D P RAO,58
79,D,CHL717,MECHANCIAL DESIGN PROCESS EQUIPMENT,4,3,0,2,O P AMAR,15
80,D,CHL203,TRANSPORT PPROCESSES I,4,3,1,0,ANURAG SINGH RATHORE,34
81,D,CHL711,NUMERICAL METHODS IN CHEMICAL ENGINEERING,4,3,0,2,VIVEK VITTHAL BUWA,31
82,D,CHL260,APPLICATIONS OF PROGRAMMING IN CHEMICAL ENGINEERIN,4,3,0,2,J K JAIN,84
83,D,CHL231,FLUID MECHANCS FOR CHEM ENGINEERS,4,3,1,0,S N SINGH,113
84,E,CHP304,CHEMICAL ENGINEERING LABORATORY - I,1.5,0,0,3,RATAN MOHAN,29
85,E,CHL722,FUNDAMENTALS OF FUEL CELL TECHNOLOGY,4,3,0,2,SUDDHASTWA BASU,45
86,E,CHL261,INSTRUMENTATION AND PROCESS CONTROL,4,3,1,0,SHAIK ABDUL MUNAWAR,92
87,E,CHL794,PETROLEUM REFINERY ENGG,4,3,0,2,SREEDEVI UPADHYAYULA,59
88,F,CHL793,MEMBRANE SCIENCE AND ENGINEERING,3,3,0,0,S K GUPTA,76
89,F,CHL768,FUNDAMENTALS OF COMPUTATIONAL FLUID DYNAMICS,3,2,0,2,JAYTI SARKAR,34
90,F,CHL251,HEAT AND MASS TRANSFER,4,3,1,0,A N BHASKARWAR,113
91,F,CHL221,CHEMICAL REACTION ENGINEERING II,4,3,1,0,KAMAL KISHORE PANT,79
92,F,CHP302,MASS TRANSFER AND FLUID PARTICLE MECHANICS LABORAT,1.5,0,0,3,ANUPAM SHUKLA,88
93,H,CHL763,COMPUTER PROCESS CONTROL,3,3,0,0,S MK RAHMAN,13
94,H,CHL761,CHEMICAL ENGG MATHEMATICS,3,3,0,0,RAJESH KHANNA,48
95,N,CHN110,INTRO TO CHEMICAL ENGINEERING,2,0,0,4,ANURAG SINGH RATHORE,156
96,P,CHD411,MAJOR PROJECT PART 1 (CH),4,0,0,8,SREEDEVI UPADHYAYULA,48
97,P,CHD863,MAJOR PROJECT PART 1 (CC),4,0,0,8,ANUPAM SHUKLA,1
98,P,CHD853,MAJOR PROJECT PART 1 (CP),4,0,0,8,ANUPAM SHUKLA,1
99,P,CHT410,PRACTICAL TRAINING,0,0,0,0,V V KRISHNAN,70
100,P,CHD412,MAJOR PROJECT PART 2 (CH),6,0,0,12,SREEDEVI UPADHYAYULA,4
101,P,CHD770,MAJOR PROJECT PART-I,6,0,0,12,SUDDHASTWA BASU,15
102,P,CHD854,MAJOR PROJECT PART 2 (CP),16,0,0,32,ANUPAM SHUKLA,1
103,P,CHD852,MAJOR PROJECT PART 2 (CP),14,0,0,28,ANUPAM SHUKLA,1
104,P,CHC410,COLLOQUIUM (CH),3,0,3,0,S K GUPTA,74
105,P,CHD861,MAJOR PROJECT PART 1 (CC),6,0,0,12,ANUPAM SHUKLA,14
106,P,CHD895,MAJOR PROJECT,40,0,0,80,ANIL KUMAR SAROHA,2
107,P,CHD864,MAJOR PROJECT PART 2 (CC),16,0,0,32,ANUPAM SHUKLA,1
108,P,CHD851,MAJOR PROJECT PART 1 (CP),6,0,0,12,ANUPAM SHUKLA,13
109,A,CYL677,SUPRAMOLECULAR CHEMISTRY,3,3,0,0,H M CHAWLA,43
110,B,CYL601,GROUP THEORY & SPECTROSCOPY,3,3,0,0,B JAYARAM,35
111,B,CYL110,PHYSICAL CHEMISTRY-CONCEPTS AND APPLICATIONS,4,3,1,0,PRAMIT KUMAR CHOWDHURY,276
112,B,CYL503,MAIN GROUP CHEMISTRY AND INORGANIC SOLIDS,3,3,0,0,ASHOK KUMAR GANGULI,47
113,C,CYL501,MOLECULAR THERMODYNAMICS,3,3,0,0,NARAYANAN KURUR,47
114,D,CYL230,POLYMER CHEMISTRY,3,2,1,0,S NAGENDRAN,88
115,D,CYL502,STEREOCHEMISTRY AND ORGANIC REACTION MECHANISMS,3,3,0,0,NALIN PANT,51
116,D,CYL120,INORGANIC & ORGANIC CHEMISTRY-CONCEPTS & APPLNS,4,3,1,0,RAVI SHANKAR,329
117,D,CYL721,"DESIGN SYNTHESIS, & CHARACTERIZATION OF ORGANIC",3,3,0,0,P S PANDEY,27
118,E,CYL725,MOLECULES TO MATERIALS,3,3,0,0,SAMEER SAPRA,25
119,E,CYL604,BIOCHEMISTRY III,3,3,0,0,SUNIL KUMAR KHARE,34
120,E,CYL505,INSTRUMENTAL METHODS OF ANALYSIS,3,3,0,0,A K SINGH,47
121,F,CYL504,BIOCHEMISTRY I,3,3,0,0,M N GUPTA,47
122,F,CYL686,INORGANIC POLYMERS,3,3,0,0,ANIL JACOB ELIAS,43
123,H,CYL603,BASIC ORGANOMETALLIC CHEMISTRY,3,3,0,0,D K BANDYOPADHYAY,35
124,J,CYL602,PERICYCLIC REACTIONS AND PHOTOCHEMISTRY,3,3,0,0,R N RAM,35
125,P,CYD799,MINOR PROJECT,3,0,0,6,SIDDHARTH PANDEY,8
126,P,CYD660,PROJECT PART 1,3,0,0,6,V HARIDAS,33
127,P,CYP501,PHYSICAL CHEMISTRY LABORATORY COURSE I,2,0,0,4,NARAYANAN KURUR,47
128,P,CYS801,INDEPENDENT STUDY,4,0,0,8,SIDDHARTH PANDEY,8
129,P,CYP504,BIOCHEMISTRY LABORATORY COURSE I,2,0,0,4,M N GUPTA,47
130,P,CYP722,"LAB ON DESIGN,SYNTHESIS & CHARACTERIZATION OF ORG.",3,0,0,6,P S PANDEY,8
131,P,CYD801,MAJOR PROJECT PART-I,6,0,0,12,SIDDHARTH PANDEY,7
132,P,CYD803,MAJOR PROJECT PART-I,4,0,0,8,SIDDHARTH PANDEY,1
133,P,CYP502,ORGANIC CHEMISTRY LABORATORY COURSE I,2,0,0,4,NALIN PANT,47
134,P,CYP503,INORGANIC CHEMISTRY LABORATORY COURSE I,2,0,0,4,ASHOK KUMAR GANGULI,47
135,Q,CYP100,CHEMISTRY LABORATORY,2,0,0,4,JAI DEO SINGH,437
136,A,CSL630,ADVANCED DATA STRUCTURES,4,3,0,2,S N MAHESHWARI,74
137,A,CSL102,INTRODUCTION TO COMPUTER SCIENCE,4,3,0,2,S BANERJEE,112
138,A,CSL101,INTRO TO COMPUTERS AND PROGRAMMING,4,3,0,2,HUZUR SARAN,327
139,B,CSL783,DIGITAL IMAGE ANALYSIS,4.5,3,0,3,PREM KUMAR KALRA,88
140,B,CSL719,SYNTHESIS OF DIGITAL SYSTEMS,4,3,0,2,PREETI RANJAN PANDA,46
141,B,CSL201,DATA STRUCTURES,5,3,0,4,SUBODH KUMAR,162
142,C,CSL665,INTRODUCTION TO LOGIC & FUNCTIONAL PROGRAMMING,4,3,0,2,SAROJ KAUSHIK,52
143,D,CSL374,COMPUTER NETWORKS,4.5,3,0,3,AADITESHWAR SETH,79
144,D,CSL211,COMPUTER ARCHITECTURE,5,3,1,2,ANSHUL KUMAR,106
145,D,CSL672,COMPUTER NETWORKS,4,3,0,2,AADITESHWAR SETH,14
146,E,CSL771,DATABASE IMPLEMENTATIONS,4,3,0,2,S K GUPTA,74
147,E,CSL303,LOGIC FOR COMPUTER SCIENCE,4,3,0,2,SANJIVA PRASAD,38
148,F,CSL356,ANALYSIS AND DESIGN OF ALGORITHMS,4,3,1,0,AMIT KUMAR,56
149,F,CSL854,APPROXIMATION ALGORITHMS,3,3,0,0,AMIT KUMAR,21
150,F,CSL105,DISCRETE MATHEMATICAL STRUCTURES,4,3,1,0,NAVEEN GARG,101
151,H,CSL864,SPECIAL TOPICS IN ARTIFICIAL INTELLIGENCE,3,3,0,0,K K BISWAS,25
152,J,CSL860,SPECIAL TOPICS IN PARALLEL COMPUTATION,3,3,0,0,AMITABHA BAGCHI,8
153,K,CSL852,COMPUTATIONAL GEOMETRY,4,3,0,2,SANDEEP SEN,22
154,L,CSL859,COMPUTER GRAPHICS-II,4,3,0,2,SUBODH KUMAR,17
155,M,CSL862,SPECIAL TOPICS IN SOFTWARE SYSTEMS,3,3,0,0,SORAV BANSAL,10
156,N,CSN110,IINTRODUCTON TO COMP SC. & ENGINEERING,2,0,0,4,SANJIVA PRASAD,96
157,P,CSP301,DESIGN PRACTICES IN COMPUTER SCIENCE,3,0,1,4,SORAV BANSAL,89
158,P,CSP601,SOFTWARE SYSTEMS LAB,3,0,0,6,SORAV BANSAL,48
159,P,CSP745,DIGITAL SYSTEMS LAB,3,0,0,6,PREETI RANJAN PANDA,15
160,P,CSS310,INDEPENDENT STUDY (CS),3,0,3,0,VINAY JOSEPH RIBEIRO,11
161,P,CSS799,INDEPENDENT STUDY,3,0,3,0,SANJIVA PRASAD,2
162,P,CSD745,MINOR PROJECT,4,0,1,6,SANJIVA PRASAD,2
163,P,CST410,PRACTICAL TRAINING,0,0,0,0,SAROJ KAUSHIK,60
164,P,CSV882,SPECIAL MODULE IN SOFTWARE SYSTEMS,1,1,0,0,SANDEEP SEN,21
165,P,CSD310,MINI PROJECT (CS),3,0,0,6,VINAY JOSEPH RIBEIRO,5
166,P,CSP315,EMBEDDED SYSTEM DESIGH LAB,4,0,1,6,M BALAKRISHNAN,43
167,P,CSD750,MINOR PROJECT (CO),4,0,1,6,PREETI RANJAN PANDA,6
168,P,CSD411,MAJOR PROJECT PART 1 (CS),4,0,0,8,S K GUPTA,38
169,P,CSD852,MAJOR PROJECT PART 2 (CO),14,0,0,28,PREETI RANJAN PANDA,1
170,P,CSD851,MAJOR PROJECT PART 1 (CO),6,0,0,12,PREETI RANJAN PANDA,14
171,P,CSD853,MAJOR PROJECT PART 1 (CO),4,0,0,8,PREETI RANJAN PANDA,4
172,P,CSD412,MAJOR PROJECT PART 2 (CS),8,0,0,16,S K GUPTA,1
173,P,CSD895,MAJOR PROJECT,40,0,0,80,SANJIVA PRASAD,5
174,P,CSC410,COLLOQUIUM (CS),3,0,3,0,S K GUPTA,62
175,P,CSD893,MAJOR PROJECT PART - I,6,0,0,12,SANJIVA PRASAD,27
176,P,CSD894,MAJOR PROJECT PART-II,12,0,0,24,SANJIVA PRASAD,3
177,A,CEL771,CIVIL ENGG MATERIALS,3,3,0,0,SUPRATIC GUPTA,89
178,A,CEL793,AIR POLLUTION AND CONTROL,4,3,0,2,MUKESH KHARE,23
179,A,CEL715,SOIL STRUCTURE INTERACTION ANALYSIS,3,3,0,0,B MUNWAR BASHA,30
180,A,CEL727,DESIGN OF INDUSTRIAL STRUCTURES,3,2,1,0,SURESH BHALLA,11
181,A,CEL734,MATHEMATICAL AND NUMERICAL METHODS,3,2,1,0,VASANT A MATSAGAR,9
182,A,CEL735,HYDROLOGIC PROCESSES & MODELING,3,3,0,0,RAKESH KHOSA,17
183,A,CEL751,ENGINEERING PROPERTIES OF ROCKS & ROCK,3,3,0,0,K G SHARMA,23
184,B,CEL753,STRUCTURAL GEOLOGY,3,2,0,2,K S RAO,24
185,B,CEL737,OPTIMISATION TECHNIQUES IN WATER RESOURCES,3,3,0,0,BHAGU RAM CHAHAR,15
186,B,CEL717,ADVANCED STRUCTURAL ANALYSIS,3,3,0,0,T K DATTA,31
187,B,CEL241,TRANSPORTATION ENGINEERING I,4,3,0,2,GEETAM TEWARI,87
188,B,CEL701,ENGINEERING BEHAVIOUR OF SOILS,3,3,0,0,K K GUPTA,31
189,B,CEL795,WATER AND WASTE-WATER TREATMENT PROCESSES,3,3,0,0,ARUN KUMAR,30
190,B,CEL772,QUANTITATIVE METHODS IN CONSTRUCTION MANAGEMENT,3,2,1,0,K CHANDRASHEKHAR IYER,62
191,C,CEL774,CONSTRUCTION ENGINEERING PRACTICES,3,3,0,0,B BHATTACHARJEE,55
192,C,CEL782,PAVEMENT MATERIALS AND CONSTRUCTION TECHNIQUES,3,2,0,2,GEETAM TEWARI,15
193,C,CEL886,ENVIRONMENTAL SYSTEMS ANALYSIS,4,3,0,2,ARVIND KUMAR NEMA,23
194,C,CEL703,SITE INVESTIGATIONS AND GROUND IMPROVEMENT,3,3,0,0,JAGDISH TELANGRAO SHAHU,23
195,C,CEL464,CONSTRUCTION CONTRACT AND ECONOMICS,3,2,1,0,KUMAR NEERAJ JHA,59
196,C,CEL271,ELEMENTS OF SURVEYING,3,2,0,2,GAZALA HABIB,91
197,C,CEL733,FEM IN STRUCTURAL ENGINEERING,3,2,1,0,A K NAGPAL,41
198,C,CEL754,GEOTECHNICAL PROCESSES IN ROCK ENGG,3,3,0,0,JAGDISH TELANGRAO SHAHU,18
199,D,CEL739,GROUNDWATER HYDROLOGY,3,3,0,0,BHAGU RAM CHAHAR,22
200,D,CEL721,DESIGN OF CONCRETE STRUCTURE,3,2,1,0,S N SINHA,40
201,D,CEL442,TRAFFIC AND TRANSPORTATION PLANNING,3,2,1,0,GEETAM TEWARI,54
202,D,CEL705,GEOENVIRONMENTAL ENGINEERING,3,3,0,0,VENKATA RAMANA GUNTURI,21
203,D,CEL891,THERMAL TECHNICS FOR WASTE MANAGEMENT,3,3,0,0,BABU J ALAPPAT,12
204,D,CEL783,TRAFFIC ENGG,4,3,0,2,RAMACHANDRA RAO KALAGA,15
205,D,CEL777,BUILDING SCIENCE,3,3,0,0,B BHATTACHARJEE,55
206,D,CEL761,UNDERGROUND SPACE TECH,3,3,0,0,K S RAO,21
207,D,CEL231,STRUCTURAL ANALYSIS I,5,3,1,2,ASHOK GUPTA,94
208,E,CEL840,STOCHASTIC HYDROLOGY,3,3,0,0,RAKESH KHOSA,15
209,E,CEL899,ENVIRONMENTAL RISK ASSESSMENT,3,3,0,0,ARUN KUMAR,25
210,E,CEL451,WATER POWER ENGINEERING,4,3,0,2,DEO RAJ KAUSHAL,26
211,E,CEL321,GEOTECHNICAL ENGINEERING,5.5,3,1,3,JAGDISH TELANGRAO SHAHU,81
212,E,CEL421,GROUND IMPROVEMENT,4,3,0,2,R AYOTHIRAMAN,1
213,E,CEL719,STRUCTURAL DYNAMICS,3,3,0,0,A K JAIN,37
214,F,CEL729,ADVANCED DESIGN OF BRIDGES,3,2,1,0,SUPRATIC GUPTA,20
215,F,CEL331,STRUCTURAL ANALYSIS II,5,3,1,2,SURESH BHALLA,77
216,F,CEL422,ROCK ENGINEERING,3,3,0,0,VENKATA RAMANA GUNTURI,19
217,F,CEL251,HYDROLOGY AND HYDRAULICS,6,3,1,4,SHASHI MATHUR,91
218,F,CEL797,ENVIRONMENTAL IMPACT ASSESSMENT,3,3,0,0,ARVIND KUMAR NEMA,63
219,F,CEL773,MANAGEMENT OF QUALITY AND SAFETY IN CONSTRUCTION,3,2,1,0,J UMA MAHESWARI,78
220,H,CEL769,PROJECT PLANNING & CONTROL,3,2,1,0,ANIL SAWHNEY,79
221,H,CEL433,ADVANCED STRUCTURAL DESIGN,4,3,0,2,ALOK MADAN,54
222,H,CEL455,INTRODUCTION TO GEOGRAPHIC INFORMATION SYSTEMS,3,2,0,2,A K GOSAIN,21
223,H,CEL731,PSC/COMPOSITE STRUCTURES,3,3,0,0,A K NAGPAL,20
224,H,CEL757,FIELD EXPLORATION AND MEASUREMENT,3,3,0,0,R AYOTHIRAMAN,21
225,H,CEL140,ENVIRONMENTAL STUDIES,3,3,0,0,BABU J ALAPPAT,149
226,J,CEL120,POLLUTION PREVENTION AND CONTROL,3,3,0,0,ATUL KUMAR MITTAL,191
227,J,CEL610,FOUNDATION ENGINEERING,3,3,0,0,BAPPADITYA MANNA,20
228,K,CEL781,URBAN & REGIONAL TRANSPORTATION PLANNING,3,2,0,0,RAMACHANDRA RAO KALAGA,41
229,K,CEP789,ENVIRONMENTAL CHEMISTRY AND MICROBIOLOGY,3,1,0,4,ATUL KUMAR MITTAL,22
230,L,CEL787,TRANSPORTATION SAFETY AND ENVIRONMENT,3,3,0,0,DINESH MOHAN,29
231,M,CEL788,PUBLIC TRANSPORTATION SYSTEMS,3,3,0,0,GEETAM TEWARI,39
232,M,CEC410,COLLOQUIUM (CE),3,0,3,0,K G SHARMA,71
233,N,CEN110,INTRODUCTION TO CIVIL ENGINEERING,2,0,0,4,BHAGU RAM CHAHAR,113
234,P,CEN760,METRO PROFESSIONAL PRACTICES,2,0,2,0,KUMAR NEERAJ JHA,22
235,P,CES820,INDEPENDENT STUDY,3,0,3,0,G S BANIPAL,2
236,P,CES870,INDEPENDENT STUDY,3,0,3,0,VASANT A MATSAGAR,1
237,P,CET410,PRACTICAL TRAINING,0,0,0,0,K G SHARMA,70
238,P,CED892,MAJOR PROJECT PART-II,12,0,0,24,ATUL KUMAR MITTAL,1
239,P,CED875,MAJOR PROJECT PART-I,6,0,0,12,SHASHANK BISHNOI,27
240,P,CED881,MAJOR PROJECT PART-I,6,0,0,12,GEETAM TEWARI,9
241,P,CED882,MAJOR PROJECT PART-II,12,0,0,24,GEETAM TEWARI,1
242,P,CED891,MAJOR PROJECT PART-I,6,0,0,12,ARVIND KUMAR NEMA,12
243,P,CED310,MINI PROJECT (CE),3,0,0,6,MUKESH KHARE,21
244,P,CED411,MAJOR PROJECT PART 1 (CE),3,0,0,6,MUKESH KHARE,71
245,P,CED412,MAJOR PROJECT PART 2 (CE),7,0,0,14,MUKESH KHARE,5
246,P,CED811,MAJOR PROJECT PART-I,6,0,0,12,JAGDISH TELANGRAO SHAHU,9
247,P,CED821,MAJOR PROJECT PART - I,6,0,0,12,G S BANIPAL,23
248,P,CED841,MAJOR PROJECT PART-I,6,0,0,12,RAKESH KHOSA,7
249,P,CED851,MAJOR PROJECT PART-I,6,0,0,12,K K GUPTA,3
250,P,CED871,MAJOR PROJECT PART-I,6,0,0,12,VASANT A MATSAGAR,15
251,R,CEP770,COMPUTATION LAB FOR CONSTRUCTION MANAGMENT,3,0,0,6,SHASHANK BISHNOI,22
252,R,CEP740,SIMULATION LABORATORY,4,1,0,6,N K GARG,12
253,T,CEP701,SOIL ENGINEERING LABORATORY,3,0,0,6,BAPPADITYA MANNA,21
254,T,CEP751,ROCK MECHANICS LAB-I,3,0,0,6,K G SHARMA,21
255,X,CEL845,TRANSPORTATION & TRAFFIC INFRASTRUCTURE DESIGN,3,3,0,0,S K DEB,11
256,A,EEL101,FUNDAMENTALS OF ELECT ENGG,4,3,0,2,S S MURTHY,129
257,A,EEL601,COMPUTER ARCHITECTURE,3,3,0,0,SUMANTRA DUTTA ROY,44
258,A,EEL711,SIGNAL THEORY,3,3,0,0,RANJAN KUMAR MALLIK,78
259,A,EEL743,POWER ELECTRONIC DEVICES & DC CONVERTERS,3,3,0,0,J K CHATTERJEE,22
260,A,EEL791,POWER SYSTEM ANALYSIS,3,3,0,0,ABHIJIT RAMCHANDRA ABHYANKAR,26
261,A,EEL824,NONLINEAR SYSTEMS,3,3,0,0,MASHUQ-UN-NABI,13
262,A,EEL858,MOBILE COMPUTING,3,3,0,0,H M GUPTA,9
263,A,EEL861,SELECTED TOPICS IN COMMUN ENGG.-I,3,3,0,0,SURINDER PRASAD,8
264,A,EEL890,PHOTONIC SWITCHING AND NETWORKING,3,3,0,0,DEVI CHADHA,16
265,B,EEL844,ADVANCED OR SELECTED TOPICS IN POWER ELECTRONICS,3,3,0,0,MUMMADI VEERACHARY,6
266,B,EEL831,DIGITAL SIGNAL PROCESSING II,3,3,0,0,S D JOSHI,17
267,B,EEL744,AC CONTROLLERS,3,3,0,0,BHIM SINGH,21
268,B,EEL754,COMPUTER GRAPHICS,4,3,0,2,M HANMANDLU,52
269,B,EEL721,LINEAR SYSTEM THEORY,3,3,0,0,S JANARDHANAN,13
270,B,EEL456,POWER ENGINEERING - II,4,3,0,2,BIJAYA KETAN PANIGRAHI,12
271,C,EEL732,MICROELECTRONICS,3,3,0,0,M JAGADESH KUMAR,57
272,C,EEL102,PRINCIPLES OF ELECT ENGG,4,3,0,2,RANJAN BOSE,172
273,C,EEL218,PHYSICAL ELECTRONICS,3,3,0,0,M JAGADESH KUMAR,13
274,C,EEL358,OPERATING SYSTEMS,3,3,0,0,S MK RAHMAN,77
275,C,EEL430,SELECTED TOPICS IN COMMUNICATION ENGINEERING - II,3,3,0,0,BREJESH LALL,9
276,D,EEL305,ELECTRIC DRIVES,4,3,1,0,G BHUVANESWARI,28
277,D,EEL202,CIRCUIT THEORY,4,3,1,0,R K PATNEY,105
278,D,EEL207,ENGINEERING ELECTROMAGNETICS,4,3,1,0,MAHESH P ABEGAONKAR,81
279,D,EEL702,SYSTEM SOFTWARE,4,3,0,2,SANTANU CHAUDHURY,38
280,D,EEL713,MICROWAVE THEORY AND CIRCUITS,3,3,0,0,ANANJAN BASU,19
281,D,EEL710,CODING THEORY,3,3,0,0,MANAV BHATNAGAR,20
282,D,EEL838,CMOS RF IC DESIGN,3,3,0,0,SHOURIBRATA CHATTERJEE,32
283,D,EEL862,SELECTED TOPICS IN COMMUNICATION ENGINEERING-II,3,3,0,0,S D JOSHI,14
284,D,EEL896,POWER SYSTEM OPTIMIZATION,3,3,0,0,P R BIJWE,18
285,D,EEP306,COMMUNICATION ENGINEERING LABORATORY,1.5,0,0,3,H M GUPTA,76
286,D,EEP719,COMMUNICATION LAB II,2,0,0,4,S K KAUL,19
287,E,EEP201,DIGITAL ELECTRONICS LABORATORY,1.5,0,0,3,SHOURIBRATA CHATTERJEE,250
288,E,EEP209,POWER ELECTRONICS LABORATORY,1.5,0,0,3,MUMMADI VEERACHARY,21
289,E,EEL706,SOFT COMPUTING,3,3,0,0,M HANMANDLU,49
290,E,EEL734,MOS VLSI,3,3,0,0,BASABI BHAUMIK,41
291,E,EEL771,RANDOM PROCESS IN CONTROL & ESTIMATION,3,3,0,0,INDRA NARAYAN KAR,11
292,E,EEL793,POWER SYSTEMS TRANSIENTS,3,3,0,0,BIJAYA KETAN PANIGRAHI,19
293,E,EEL201,DIGITAL ELECTRONICS,4,3,1,0,G S VISWESWARAN,255
294,E,EEL319,DIGITAL SIGNAL PROCESSING,4,3,0,2,MONIKA AGGARWAL,80
295,E,EEL375,EMBEDDED SYSTEMS,5,3,0,4,S MK RAHMAN,37
296,F,EEL303,POWER ENGINEERING - I,4,3,1,0,NILANJAN SENROY,102
297,F,EEL823,DISCRETE TIME SYSTEMS,3,3,0,0,S JANARDHANAN,18
298,F,EEL769,DIGITAL COMMUNICATION AND INFORMATION SYSTEMS,3,3,0,0,VINOD CHANDRA,44
299,F,EEL731,DIGITAL SIGNAL PROCESSING-I,3,3,0,0,S C DUTTAROY,54
300,F,EEL736,BIOMEDICAL ELECTRONICS,3,3,0,0,S MK RAHMAN,57
301,F,EEL741,MODELLING & ANALYSIS OF ELECTRICAL MACHINES,3,3,0,0,K RRAJAGOPAL,15
302,F,EEP301,CONTROL ENGINEERING LABORATORY,1.5,0,0,3,MADAN GOPAL,96
303,F,EEP203,ELECTROMECHANICS LABORATORY,1.5,0,0,3,BHIM SINGH,114
304,H,EEL789,OPTOELECTRONIC INSTRUMENTATION,3,3,0,0,V K JAIN,15
305,H,EEL806,COMPUTER VISION,4,3,0,2,SUMANTRA DUTTA ROY,43
306,H,EEL794,HIGH VOLTAGE DC TRANSMISSION,3,3,0,0,SUKUMAR MISHRA,39
307,H,EEL452,HVDC TRANSMISSION,3,3,0,0,SUKUMAR MISHRA,15
308,H,EEL325,CONTROL ENGINEERING - II,3,3,0,0,MASHUQ-UN-NABI,33
309,J,EEL792,POWER SYSTEM PROTECTION,3,3,0,0,MOHAN LAL KOTHARI,43
310,J,EEL781,NEURAL NETWORKS,3,3,0,0,JAYADEVA,30
311,J,EEL742,PHYSICAL PHENOMENON & DESIGN CONCEPTS IN MACHINES,3,3,0,0,S S MURTHY,19
312,J,EEL709,PATTERN RECOGNITION,3,3,0,0,MADAN GOPAL,64
313,K,EEL881,ISSUES IN DEEP SUBMICRO CMOS IC DESIGN,3,3,0,0,G S VISWESWARAN,5
314,K,EEV834,SPECIAL MODULE IN VLSI TESTING,1,1,0,0,G S VISWESWARAN,34
315,M,EEL851,SPECIAL TOPICS IN COMPUTERS I,3,3,0,0,SUMANTRA DUTTA ROY,1
316,M,EEL762,DIGITAL COMMUNICATION,3,3,0,0,SHANKAR PRAKRIYA,73
317,M,EEL331,ELECTROMAGNETICS AND ADVANCED ELECTROMECHANICS,3,3,0,0,S S MURTHY,41
318,N,EEN110,INTRO TO ELECT ENGG,2,0,0,4,S D JOSHI,93
319,N,EEN120,INTRO TO ELECT ENGG.(POWER),2,0,0,4,MUMMADI VEERACHARY,34
320,P,EEL871,SELECTED TOPICS IN COMMUNICATIN IV,1,1,0,0,SUBRAT KAR,3
321,P,EEP791,POWER SYSTEMS LAB-I,2,0,0,4,P R BIJWE,17
322,P,EES320,INDEPENDENT STUDY (EP),3,0,3,0,S S MURTHY,4
323,P,EES837,INDEPENDENT STUDY,3,0,3,0,G S VISWESWARAN,1
324,P,EET410,PRACTICAL TRAINING,0,0,0,0,RANJAN BOSE,61
325,P,EET420,PRACTICAL TRAINING,0,0,0,0,RANJAN BOSE,17
326,P,EEV704,SPECIAL MODULE IN COMPUTERS,1,1,0,0,SUMANTRA DUTTA ROY,21
327,P,JMD801,MAJOR PROJECT PART-I,6,0,0,12,SWADES KUMAR DE,14
328,P,JVD799,MINOR PROJECT,3,0,0,6,SHOURIBRATA CHATTERJEE,80
329,P,JVD801,MAJOR PROJECT PART-I,6,0,0,12,M JAGADESH KUMAR,6
330,P,EED895,MAJOR PROJECT,40,0,0,80,G BHUVANESWARI,9
331,P,EEC410,COLLOQUIUM (EE),3,0,3,0,RANJAN KUMAR MALLIK,62
332,P,EEC420,COLLOQUIUM (EP),3,0,3,0,ABHIJIT RAMCHANDRA ABHYANKAR,18
333,P,EED411,MAJOR PROJECT PART 1 (EE),3,0,0,6,SUMANTRA DUTTA ROY,44
334,P,EED412,MAJOR PROJECT PART 2 (EE),7,0,0,14,SUMANTRA DUTTA ROY,1
335,P,EED421,MAJOR PROJECT PART 1 (EP),3,0,0,6,SUMANTRA DUTTA ROY,20
336,P,EED422,MAJOR PROJECT PART 2 (EP),7,0,0,14,SUMANTRA DUTTA ROY,1
337,P,EED701,MINOR PROJECT,2,0,0,4,SUMANTRA DUTTA ROY,1
338,P,EED801,MAJOR PROJECT PART-I,6,0,0,12,SUMANTRA DUTTA ROY,13
339,P,EED842,MAJOR PROJECT PART-I,6,0,0,12,S S MURTHY,16
340,P,EED851,MAJOR PROJECT PART 1 (EI),6,0,0,12,SANTANU CHAUDHURY,16
341,P,EED852,MAJOR PROJECT PART 2 (EI),14,0,0,28,BREJESH LALL,2
342,P,EED853,MAJOR PROJECT PART 1 (EI),4,0,0,8,SANTANU CHAUDHURY,2
343,P,EED861,MAJOR PROJECT PART-I,6,0,0,12,BREJESH LALL,10
344,P,EED875,MAJOR PROJECT PART-I,6,0,0,12,S JANARDHANAN,8
345,P,EED888,MAJOR PROJECT PART - 1,6,0,0,12,SHOURIBRATA CHATTERJEE,9
346,P,EED890,MAJOR PROJECT PART-I,6,0,0,12,BIJAYA KETAN PANIGRAHI,16
347,P,EEL767,TELECOMMUNICATION SYSTEMS,3,3,0,0,SWADES KUMAR DE,48
348,P,DTD899,DOCTORAL THESIS,0,0,0,0,====,1039
349,R,EEP842,POWER ELECTRONICS LABORATORY,1.5,0,0,3,BHIM SINGH,13
350,R,EEP701,DIGITAL SYSTEM LAB,2,0,0,4,SUBRAT KAR,25
351,R,EEP725,CONTROL LABORATORY,3,0,0,6,INDRA NARAYAN KAR,9
352,S,EEP735,IEC LABORATORY I,3,0,0,6,JAYADEVA,20
353,S,EEP717,COMMUNICATION LAB I,2,0,0,4,SHANKAR PRAKRIYA,22
354,S,EEP841,ELECTRICAL MACHINES LABORATORY,1.5,0,0,3,K RRAJAGOPAL,14
355,T,EEP773,TELECOMMUNICATION SOFTWARE LABORATORY,3,0,1,4,SUBRAT KAR,26
356,T,EEP776,WIRELESS COMMUNICATION LABORATORY,3,0,1,4,MANAV BHATNAGAR,33
357,V,EET841,INDUSTRIAL TRAINING AND SEMINAR,3,3,0,0,S S MURTHY,4
358,A,HUL212,MICROECONOMICS,4,3,1,0,JAYAN JOSE THOMAS,85
359,A,HUL213,MACRO ECONOMICS,4,3,1,0,JAYAN JOSE THOMAS,85
360,A,HUL231,AN INTRODUCTION TO LITERATURE,4,3,1,0,SYAMALA KALLURY,91
361,A,HUL238,MODERN FICTION,4,3,1,0,STUTI KHANNA,46
362,A,HUL254,ART AND TECHNOLOGY,4,3,1,0,SANIL V,43
363,A,HUL256,CRITICAL THINKING,3,2,1,0,BIJOY H BORUAH,87
364,A,HUL257,INTRO TO PHILOSOPHY OF SCIENCE,4,3,1,0,C ATOMY,84
365,A,HUL261,PSYCHOLOGICAL BASIS OF BEHAVIOUR,4,3,1,0,PURNIMA SINGH,86
366,A,HUL264,MANAGERIAL BEHAVIOR: PSYCHO-SOCIAL DIMENSIONS,4,3,1,0,AMULYA KHURANA,79
367,A,HUL267,POSITIVE PSYCHOLOGY,4,3,1,0,KAMLESH SINGH,84
368,A,HUL271,SOCIOLOGY: THE SCIENCE OF PRAXIS,4,3,1,0,FARHANA IBRAHIM,75
369,A,HUL272,INTRODUCTION TO THE SOCIOLOGY OF INDIA,4,3,1,0,AMRIT SRINIVASAN,99
370,A,HUL275,ENVIRONMENT; DEVELOPMENT AND SOCIETY,4,3,1,0,VIBHA ARORA,83
371,A,HUL282,SYSTEM AND STRUCTURE: AN INTRODUCTION TO COMMUNICA,4,3,1,0,SHANTANU GHOSH,93
372,A,HUL289,PERSPECTIVE ON SCIENCE TECHNOLOGY& HUMAN DEVPT,4,3,1,0,AMBUJ D SAGAR,43
373,A,HUL291,ELECTRONIC GOVERNANCE,4,3,1,0,P VIGNESWARA ILAVARASAN,84
374,B,HUL239,INDIAN WRITING IN ENGLISH,4,3,1,0,ANGELIE MULTANI,68
375,B,HUL234,LANGUAGE AND COMMUNICATION,4,3,1,0,STUTI KHANNA,20
376,C,HUL709,SOCIAL RESEARCH METHODS,3,2,1,0,KAMLESH SINGH,5
377,D,HUL891,GLOBALIZATION AND TRANSNATIONALISM,3,2,1,0,VIBHA ARORA,6
378,I,HUN100,INTRO TO HUMANITIES & SOCIAL SCIENCES,1,1,0,0,PURNIMA SINGH,445
379,M,HUL810,COMMUNICATION SKILLS,3,3,0,0,ANGELIE MULTANI,154
380,M,HUL846,PHILOSOPHY AND FILM,3,3,0,0,SANIL V,14
381,M,HUL736,PLANNING AND ECONOMIC DEVELOPMENT,3,3,0,0,JAYAN JOSE THOMAS,28
382,M,HUL211,INTRODUCTION TO ECONOMICS,4,3,1,0,JAYAN JOSE THOMAS,87
383,P,HUC722,SEMINAR,3,0,0,6,RAVINDER KAUR,23
384,P,HUP102,PSYCHOLOGY LABORATORY,1,0,0,2,PURNIMA SINGH,26
385,W,HUL101,ELEMENTS OF ENGLISH,3,2,0,2,STUTI KHANNA,2
386,A,SML710,CREATIVE PROBLEM SOLUTION,3,2,0,2,HARISH CHOUDHARY,125
387,B,SML305,ORGANISATION OF ENGG SYS. & HUMAN RESOURCES MANAGE,4,3,1,0,KANIKA TANDON BHAL,121
388,B,SML874,INDIAN FINANCIAL SYSTEM,3,3,0,0,SHVETA SINGH,52
389,C,SML780,MANAGERIAL ECONOMICS,3,2,0,2,SUDHIR KUMAR JAIN,152
390,C,SML802,MANAGEMENT OF IPR,3,3,0,0,SUDHIR KUMAR JAIN,61
391,D,SML760,MARKETING MANAGEMENT,3,2,0,2,MAHIM SAGAR,147
392,D,SML715,QUALITY & ENVIRONMENT MANAGEMENT SYSTEMS,3,2,0,2,RAVI SHANKAR,44
393,E,SML770,MANAGEMENT ACCOUNTS AND FINANCIAL MANAGEMENT,3,2,0,2,P KJAIN,105
394,E,SML875,INTERNATIONAL FINANCIAL MANAGEMENT,3,3,0,0,SURENDRA SINGH YADAV,53
395,F,SML870,ADVANCED FINANCIAL MANAGEMENT,3,2,0,2,P KJAIN,39
396,H,SMV895,MANAGEMENT RESEARCH METHODOLOGY,1,1,0,0,KANIKA TANDON BHAL,52
397,J,SML856,BUSINESS INTELLIGENCE,3,2,0,2,MANMOHAN PRASAD GUPTA,39
398,J,SML723,TELECOMMUNICATION SYSTEMS MANAGEMENT,3,3,0,0,MAHIM SAGAR,57
399,K,SML849,CURRENT AND EMERGING ISSUES IN MANUFACTURING MGMT,3,3,0,0,SURYA PRAKASH SINGH,33
400,K,SMV795,SYSTEMS THINKING,1,1,0,0,SUSHIL,147
401,L,SMP791,COMPUTER LABORATORY,1,0,0,2,MANMOHAN PRASAD GUPTA,147
402,L,SMV794,COMMUNICATION SKILLS,1.5,1,0,1,HARISH CHOUDHARY,49
403,L,SML873,SECURITY ANALYSIS & PROOF MANAGEMENT,3,2,0,2,SHVETA SINGH,42
404,L,SML840,MANUFACTURING STRATEGY,3,3,0,0,D KBANWET,17
405,M,SML833,ORGANISATIONAL DEVELOPMENT,3,3,0,0,V GAUTAM,6
406,M,SML730,ORGANIZATIONAL MANAGEMENT,3,3,0,0,V GAUTAM,149
407,M,SML745,OPERATIONS MANAGEMENT,3,3,0,0,RAVI SHANKAR,30
408,P,SMD792,MINOR PROJECT,3,0,0,6,RAVI SHANKAR,13
409,X,SML700,FUNDAMENTAL OF MANAGEMENT TECHNOLOGY,3,3,0,0,SUSHIL,102
410,X,SML853,SOFTWARE PROJECT MANAGEMENT,3,3,0,0,MANMOHAN PRASAD GUPTA,47
411,X,SML862,PRODUCT MANAGEMENT,3,3,0,0,HARISH CHOUDHARY,66
412,Y,SML861,MARKET RESEARCH,3,2,0,2,SEEMA SHARMA,35
413,Y,SML720,BUSINESS ENVIRONMENT AND CORPORATE STRATEGIES,3,2,0,2,MAHIM SAGAR,53
414,Y,SML740,QUANTUM METHODS,3,2,0,2,D KBANWET,156
415,Z,SML731,HUMAN RESOURCE MANAGEMENT,3,3,0,0,KANIKA TANDON BHAL,55
416,Z,SML822,INTERNATIONAL BUSINESS,3,2,0,2,SURENDRA SINGH YADAV,55
417,A,MAL724,CRYPTOLOGY,3,3,0,0,RAJENDRA KUMAR SHARMA,18
418,A,MAL730,CRYPTOGRAPHY,4,3,1,0,RAJENDRA KUMAR SHARMA,28
419,A,MAL786,CRYPTOLOGY,4,3,1,0,RAJENDRA KUMAR SHARMA,45
420,B,MAL754,PRINCIPLES OF COMPUTER GRAPHICS,4,3,0,2,M HANMANDLU,18
421,B,MAL609,BASIC COMPUTER SCIENCE,4,3,0,2,BHAWANI SANKAR PANDA,32
422,B,MAL255,LINEAR ALGEBRA,4,3,1,0,RITUMONI SARMA,58
423,C,MAL110,MATHEMATICS-I,4,3,1,0,A NAGABHUSHANANM,598
424,C,MAL111,INTRO TO ANALYSIS & DIFFERENTIAL EQUATIONS,4,3,1,0,S CHANDRA SEKHARA RAO,228
425,C,MAL115,MULTIVARIABLE CALCULUS AND MATRIX THEORY,4,3,1,0,RITUMONI SARMA,55
426,E,MAL245,TOPOLOGY AND FUNCTIONAL ANALYSIS,4,3,1,0,SUBIMAN KUNDU,34
427,E,MAL517,DIFFERENTIAL EQUATIONS,4,3,1,0,S CHANDRA SEKHARA RAO,49
428,E,MAL701,INTRODUCTION TO PROGRAMMING AND DATA STRUCTURES,4,3,0,2,SAVITA GOEL,50
429,F,MAL705,DISCRETE MATHEMATICAL STRUCTURES,3,3,0,0,A TRIPATHI,22
430,F,MAL509,PROBABILITY THEORY,4,3,1,0,S DHARMARAJA,52
431,F,MAL230,NUM METHODS & COMPUTATION,4,3,1,0,RAJENDRA KUMAR SHARMA,49
432,F,MAL180,DISCRETE MATHEMATICAL STRUCTURES,4,3,1,0,A TRIPATHI,39
433,F,MAL733,STOCHASTIC OF FINANCE,4,3,1,0,B R HANDA,34
434,H,MAL860,LINEAR ALGEBRA,3,3,0,0,J B SRIVASTAVA,9
435,H,MAL270,"MEASURE, INTEGRAL AND PROBABILITY",4,3,1,0,SUBIMAN KUNDU,26
436,H,MAL601,TOPOLOGY,4,3,1,0,WAGISH SHUKLA,33
437,J,MAL513,REAL ANALYSIS,4,3,1,0,KONIJETI SREENADH,49
438,J,MAL210,OPTIMIZATION METHODS & APPLICATIONS,4,3,1,0,SURESH CHANDRA,75
439,J,MAL856,LIE ALGEBRA,3,3,0,0,J B SRIVASTAVA,13
440,J,MAL760,ADVANCED ALGORITHMS,4,3,0,2,BHAWANI SANKAR PANDA,9
441,K,MAL240,ALGEBRA,4,3,1,0,A TRIPATHI,8
442,K,MAL250,PROBABILITY & STOCHASTIC PROCESSES,4,3,1,0,S DHARMARAJA,164
443,K,MAL519,INTRODUCTION TO COMPUTERS AND PROGRAMMING,4,3,0,2,MANI MEHRA,51
444,K,MAL256,MODERN ALGEBRA,4,3,1,0,A TRIPATHI,3
445,K,MAL717,FUZZY SETS & APPLICATIONS,3,3,0,0,APARNA MEHRA,27
446,M,MAL630,PARTIAL DIFFERENTIAL EQUATIONS,4,3,1,0,V VK SRINIVAS KUMAR,40
447,N,MAN150,INTRODUCTON TO MATHEMATICSAND COMPUTING,2,0,0,4,A NAGABHUSHANANM,54
448,P,MAP290,SYSTEM DESIGN LABORATORY,2,0,0,4,MANI MEHRA,41
449,P,MAP701,COMPUTING LAB I,2,0,0,4,RAM LAL,50
450,P,MAP707,PROGRAMMING LANGUAGES LABORATORY,2,0,0,4,MRS JAYA,31
451,P,MAT450,PRACTICAL TRAINING,0,0,0,0,S CHANDRA SEKHARA RAO,35
452,P,MAL602,FUNCTIONAL ANALYSIS,4,3,1,0,WAGISH SHUKLA,2
453,P,MAD853,MAJOR PROJECT PART 1 (MT),4,0,0,8,BHAWANI SANKAR PANDA,2
454,P,MAD851,MAJOR PROJECT PART 1 (MT),6,0,0,12,BHAWANI SANKAR PANDA,23
455,P,MAD852,MAJOR PROJECT PART 2 (MT),14,0,0,28,BHAWANI SANKAR PANDA,3
456,P,JCD801,MAJOR PROJECT PART-I,6,0,0,12,NAVEEN GARG,15
457,P,JCS800,INDEPENDENT STUDY,3,3,0,0,NAVEEN GARG,1
458,P,MAC450,COLLOQUIUM (MT),3,0,3,0,S CHANDRA SEKHARA RAO,34
459,P,MAD703,PROJECT PART I*,4,0,0,8,KONIJETI SREENADH,33
460,X,MAL503,LINEAR ALGEBRA,4,3,1,0,WAGISH SHUKLA,58
461,A,MEL433,MICRO- AND NANO- MANUFACTURING,4,3,0,2,SIVANANDAM ARAVINDAN,39
462,A,MEL705,EXPERIMENTAL METHODS IN THERMAL ENGG,4,2,0,4,P MV SUBBARAO,34
463,A,MEL761,STATISTICS FOR DECISION MAKING,4,3,0,2,NOMESH BHOJKUMAR BOLIA,34
464,A,MEL791,COMPOSITE MATERIALS & PROCESSING,4,3,0,2,NARESH BHATNAGAR,36
465,B,MEL781,MACHINING PROCESSES AND ANALYSIS,4,3,0,2,SUDARSAN GHOSH,25
466,B,MEL765,OPERATIONS RESEARCH,4,3,0,2,KIRAN SETH,37
467,B,MEL737,ADVANCED MECHANICAL DESIGN,4,3,0,2,T K KUNDRA,21
468,B,MEL707,APPLIED MATHEMATICS FOR MECHANICAL ENGG,3,2,0,2,SANGEETA KOHLI,28
469,B,MEL311,MACHINE ELEMENT DESIGN,5,3,1,2,HARISH HIRANI,105
470,C,MEL423,COMPUTERS IN MANUFACTURING ENTERPRISES,4,3,0,2,VIPUL JAIN,32
471,C,MEL703,ADVANCED THERMODYNAMICS,3,3,0,0,P L DHAR,34
472,C,MEL735,COMPUTER METHODS IN MECHANICAL DESIGN,4,3,0,2,ANOOP CHAWLA,20
473,D,MEL731,DESIGN OF MECHANISMS,4,3,0,2,SUBIR KUMAR SAHA,24
474,D,MEL420,TOTAL QUALITY MANAGEMENT,4,3,0,2,MAKARAND SHRIKRISHNA KULKARNI,48
475,D,MEL242,HEAT AND MASS TRANSFER,4,3,1,0,B PREMACHANDRAN,80
476,D,MEL231,CASTING & WELDING,4,3,0,2,SUNIL PANDEY,66
477,D,MEL787,WELDING AND ALLIED PROCESSES,4,3,0,2,SUNIL PANDEY,34
478,D,MEL836,ADVANCED LUBRICATION,4,3,0,2,HARISH HIRANI,5
479,D,MEL840,EXPERIMENTAL MODAL ANALYSIS AND DYNAMIC DESIGN,4,3,0,2,SUBODH VASANT MODAK,9
480,E,MEL807,COMPUTATIONAL HEAT TRANSFER,4,2,0,4,PRABAL TALUKDAR,11
481,E,MEL783,AUTOMATION IN MANUFACTURING,4,3,0,2,SUNIL JHA,33
482,E,MEL211,KINEMATICS & DYNAMICS OF MACHINES,4,3,0,2,JAYANTA KUMAR DUTT,138
483,E,MEL110,GRAPHIC SCIENCE,4,2,0,4,SUBODH VASANT MODAK,383
484,E,MEL120,MANUFACTURING PRACTICES,4,2,0,4,P M PANDEY,378
485,E,MEL421,PRODUCTION MANAGEMENT,4,3,0,2,MAKARAND SHRIKRISHNA KULKARNI,69
486,E,MEL346,TURBO-MACHINERY,4,3,0,2,P MV SUBBARAO,68
487,E,MEL416,ROBOTICS ENGINEERING,4,3,1,0,SUBIR KUMAR SAHA,3
488,E,MEL711,REFRIGERATION AND AIR CONDITIONING TECHNOLOHY,4,3,0,2,SANJEEV JAIN,16
489,E,MEL739,ROBOTICS,4,3,0,2,SUBIR KUMAR SAHA,6
490,F,MEL733,VIBRATIONS ENGG,4,3,0,2,KSHITIJ GUPTA,30
491,F,MEL769,METAL FORMING ANALYSIS,4,3,0,2,DIGAVALLI RAVI KUMAR,21
492,F,MEL432,MICROPROCESSOR APPLICATIONS IN MANUFACTURING,4,3,0,2,I P SINGH,43
493,F,MEL316,MECHANICAL VIBRATIONS,4,3,0,2,KSHITIJ GUPTA,14
494,F,MEL331,MACHINE-TOOLS AND CNC MANUFACTURING,4,3,0,2,P VMADHUSUDHAN RAO,35
495,F,MEL233,MACHINING; MACHINE-TOOLS AND METROLOGY,4,3,0,2,P VENKATESWARA RAO,79
496,F,MEL801,FIRE DYNAMICS & ENGINEERING,4,2,0,4,S R KALE,5
497,F,MEL851,INDUSTRIAL ENG CHALLENGES IN E-BUSINESS,3,3,0,0,VIPUL JAIN,38
498,F,MEP201,MECHANICAL ENGINEERING DRAWING,3,1,0,4,SATINDER PAUL SINGH,134
499,H,MEL221,INDUSTRIAL ENGINEERING AND OPERATIONS RESEARCH,4,3,0,2,KIRAN SETH,36
500,H,MEL140,ENGINEERING THERMODYNAMICS,4,3,1,0,M R RAVI,84
501,H,MEL342,POWER PLANT TECHNOLOGIES,4,3,0,2,SANJEEV JAIN,20
502,H,MEL345,INTERNAL COMBUSTION ENGINES,4,3,0,2,J P SUBRAMANYAM,31
503,H,MEL715,GAS DYNAMICS,4,3,0,2,SUBHRA DATTA,14
504,H,MEL671,VALUE ENGINEERING,3,2,0,2,A D GUPTA,23
505,J,MEL713,DESIGN OF IC ENGINE COMPONENTS & SUB-SYSTEMS,4,3,0,2,J P SUBRAMANYAM,34
506,J,MEL751,INDUSTRIAL ENGG. & SYSTEMS,4,3,0,2,ARUN KANDA,44
507,J,MEL344,REFRIGERATION AND AIR-CONDITIONING,4,3,0,2,P L DHAR,18
508,K,MEC410,COLLOQUIUM (ME),3,0,3,0,NARESH BHATNAGAR,69
509,K,MEC420,COLLOQUIUM (PE),3,0,3,0,SUNIL PANDEY,30
510,M,MEL323,INVESTMENT PLANNING,4,3,0,2,NOMESH BHOJKUMAR BOLIA,26
511,N,MEN120,INTRODUCTON PRODUCTIION AND INDUSTRALENGG,2,0,0,4,P M PANDEY,59
512,N,MEN110,INTRODUCTION TO MECHANIICAL ENGINEERING,2,0,0,4,SIVANANDAM ARAVINDAN,111
513,P,MEP601,INTRODUCTION TO COMPUTERS AND PROGRAMMING,2,0,0,4,GOPAL KRISHAN,32
514,P,MET410,PRACTICAL TRAINING,0,0,0,0,SUNIL JHA,59
515,P,MET420,PRACTICAL TRAINING,0,0,0,0,SUNIL JHA,27
516,P,MEL425,FLEXIBLE MANUFACTURING SYSTEMS,4,3,0,2,VIPUL JAIN,1
517,P,MEC601,MECHANICAL ENGINEERING SEMINARS,1,0,1,0,PRABAL TALUKDAR,41
518,P,MED310,MINI PROJECT (ME),4,0,0,8,SATINDER PAUL SINGH,5
519,P,MED895,MAJOR PROJECT,40,0,0,80,JAYANTA KUMAR DUTT,4
520,P,MED411,MAJOR PROJECT PART 1 (ME),3,0,0,6,SATINDER PAUL SINGH,69
521,P,MED421,MAJOR PROJECT PART 1 (PE),3,0,0,6,SATINDER PAUL SINGH,28
522,P,MED422,MAJOR PROJECT PART 2 (PE),7,0,0,14,SATINDER PAUL SINGH,4
523,P,MED811,MAJOR PROJECT PART-I,6,0,0,12,PRABAL TALUKDAR,12
524,P,MED812,MAJOR PROJECT PART-II,12,0,0,24,SANGEETA KOHLI,2
525,P,MED831,MAJOR PROJECT PART-I,6,0,0,12,A K DARPE,11
526,P,MED861,MAJOR PROJECT PART-I,6,0,0,12,VIPUL JAIN,7
527,P,MED881,MAJOR PROJECT PART-I,6,0,0,12,DIGAVALLI RAVI KUMAR,12
528,A,PHL567,ATOMIC & MOLEC SPECTROSCOPY,4,3,1,0,S C KASHYAP,37
529,A,PHL723,VACUUM SCIENCE AND CRYOGENICS,3,3,0,0,SUJEET CHAUDHARY,16
530,B,PHL753,OPTICAL SYSTEM DESIGN,3,3,0,0,KEHAR SINGH,24
531,B,PHL555,QUANTUM MECHANICS,4,3,1,0,AJIT KUMAR,57
532,B,EPL105,OPTICS,4,3,1,0,ANURAG SHARMA,72
533,B,EPL335,LOW DIMENSIONAL PHYSICS,4,3,1,0,V D VANKAR,34
534,C,EPL101,CLASSICAL MECHANICS & RELATIVITY,4,3,1,0,SANTANU GHOSH,67
535,C,PHL569,NUCLEAR PHYSICS,4,3,1,0,AMRUTA MISHRA,35
536,C,PHL701,ELECTRONIC PROPERTIES OF MATERIALS,3,3,0,0,NEERAJ KHARE,20
537,C,PHL755,STATISTICAL & QUANTUM OPTICS,3,3,0,0,SUBHASH CHOPRA,9
538,D,PHL791,FIBER OPTICS,3,3,0,0,B P PAL,51
539,D,PHL705,PHYSICS OF SEMICONDUCTOR DEVICES,3,3,0,0,VIKRAM KUMAR,27
540,D,PHL553,MATHEMATICAL PHYSICS,4,3,1,0,H C GUPTA,54
541,D,PHL110,FIELDS AND WAVES,4,3,1,0,K THYAGARAJAN,353
542,D,EPL107,ELECTROMAGNETICS,4,3,1,0,R D TAREY,68
543,D,EPL446,SPINTRONICS AND DATA STORAGE,3,3,0,0,D K PANDYA,17
544,E,EPL442,FIBER AND INTEGRATED OPTICS,3,3,0,0,R K VARSHNEY,19
545,E,EPL331,VACUUM TECHNOLOGY AND SURFACE PHYSICS,3,3,0,0,G B REDDY,1
546,E,EPL103,MATHEMATICAL PHYSICS,4,3,1,0,VARSHA BANERJEE,67
547,E,PHL551,CLASSICAL MECHANICS,4,3,1,0,D RANGANATHAN,50
548,E,PHL707,CHARACTERIZATION OF MATERIALS,3,3,0,0,RATANAMALA CHATTERJEE,41
549,E,PHL793,SEMICONDUCTOR OPTOELECTRO-NICS,3,3,0,0,G B REDDY,35
550,F,PHL703,MATERIALS TECHNOLOGY,3,3,0,0,PANKAJ SRIVASTAVA,20
551,F,PHL751,OPTICAL SOURCES DETECTORS AND PHOTOMETRY,3,3,0,0,JOBY JOSEPH,24
552,F,PHL565,COOPERATIVE PHENOMENA IN SOLIDS,4,3,1,0,SANKALPA GHOSH,35
553,F,EPL211,PRINCIPLES OF MATERIAL SYNTHESIS,4,3,1,0,BODH RAJ,53
554,F,EPL338,NON-LINEAR PHENOMENA IN PHYSICS AND ENGINEERING,4,3,1,0,V K TRIPATHY,12
555,H,EPL445,ENGINEERING OPTICS,3,3,0,0,B D GUPTA,26
556,H,PHL654,EXPERIMENTAL METHODS,3,3,0,0,MUKESH CHANDER,31
557,H,PHL557,ELECTRONICS,4,3,1,0,JITENDRA PRATAP SINGH,50
558,H,PHL727,QUANTUM HETEROSTRUCTURES,3,3,0,0,R K SONI,15
559,J,PHL795,OPTICS AND LASERS,3,3,0,0,P SENTHILKUMARAN,37
560,J,PHL800,NUMERICAL & COMPUTATIONAL METHODS IN RESEARCH,3,3,0,0,H C GUPTA,27
561,J,EPL213,FUNDAMENTALS OF SEMICONDUCTORS,4,3,1,0,RAJENDRA SINGH,56
562,K,EPC410,COLLOQUIUM (PH),3,0,3,0,NEERAJ KHARE,38
563,N,EPN110,IINTRODUCTION TO ENGINEERING PHYSICS,2,0,0,4,B P PAL,62
564,P,EPD412,MAJOR PROJECT PART 2 (PH),7,0,0,14,GADDAM VIJAYA PRAKASH,4
565,P,EPD310,MINI PROJECT (PH),3,0,0,6,RATANAMALA CHATTERJEE,10
566,P,EPD411,MAJOR PROJECT PART 1 (PH),3,0,0,6,GADDAM VIJAYA PRAKASH,38
567,P,PHP561,LABORATORY I,6,0,0,12,V D VANKAR,50
568,P,PHP563,ADVANCED LABORATORY,4,0,0,8,V D VANKAR,35
569,P,PHD851,MAJOR PROJECT PART-I,6,0,0,12,B D GUPTA,16
570,P,PHD651,PROJECT I,3,0,0,6,M R SHENOY,35
571,P,PHD801,MAJOR PROJECT PART-I,6,0,0,12,NEERAJ KHARE,15
572,P,EPP109,PHYSICAL LABORATORY I,3,0,0,6,SANTANU GHOSH,49
573,P,EPP215,PHYSICS LABORATORY - II,3,0,0,6,SUJEET CHAUDHARY,43
574,P,EPP301,DESIGN LABORATORY,4,0,0,8,R D TAREY,39
575,P,EPT410,PRACTICAL TRAINING,0,0,0,0,NEERAJ KHARE,38
576,P,PHP711,SOLID STATE MATERIALS LAB-I,4.5,0,0,9,RAJENDRA SINGH,16
577,P,PHP761,OPTICS LABORATORY- I,3,0,0,6,P SENTHILKUMARAN,23
578,P,PHP763,OPTICAL WORKSHOP,3,0,0,6,RAKESH KUMAR,23
579,Q,PHP100,PHYSICS LABORATORY,2,0,0,4,ALOKA SINHA,433
580,A,TTL711,POLYMER AND FIBRE CHEMISTRY,3,3,0,0,MANJEET JASSAL,17
581,A,TTL721,THEORY OF YARN STRUCTURE,3,2,1,0,S M ISHTIAQUE,22
582,B,TTL772,COMPUTER PROGRAMMING AND ITS APPLICATION,3,2,0,2,PRAGYA JAIN,36
583,B,TTL211,STRUCTURE & PHYSICAL PROPERTIES OF FIBRES,3,3,0,0,SOURABH GHOSH,69
584,B,TTP200,DESIGN OF TEXTILE PRODUCTS AND PROCESSES,2,0,0,4,DEEPTI GUPTA,65
585,C,TTP221,YARN MANUFACTURE LAB I,1,0,0,2,DIPAYAN DAS,72
586,C,TTP361,TEXTILE TESTING LABORATORY,1,0,0,2,SOURABH GHOSH,53
587,C,TTL221,YARN MANUFACTURE I,4,3,1,0,R ALAGIRUSAMY,86
588,C,TTL771,ELECTRONICS AND CONTROLS FOR TEXTILE INDUSTRY,4,3,0,2,SUNEET TULI,22
589,C,TTL752,FUNCTIONAL TEXTILE ENVELOPES,3,2,0,2,DEEPTI GUPTA,6
590,C,TTL741,COLOURATION OF TEXTILES,3,3,0,0,M L GULRAJANI,20
591,D,TTL731,THEORY OF FABRIC STRUCTURE,3,2,1,0,DIPAYAN DAS,25
592,D,TTL712,POLYMER AND FIBRE PHYSICS,3,3,0,0,B L DEOPURA,17
593,D,TTP211,INTRODUCTION TO FIBRES,2,1,0,2,BHANU NANDAN,83
594,E,TTP231,FABRIC MANUFACTURE LABORATORY I,1,0,0,2,P K BANERJEE,75
595,E,TTL713,TECHNOLOGY OF MELT SPUN FIBRES,4,3,1,0,ASHWINI K AGRAWAL,17
596,E,TTL722,MECHANICS OF SPINNING PROCESS,3,3,0,0,R S RENGASAMY,22
597,E,TTL750,SCIENCE OF CLOTHING COMFORT,3,3,0,0,APURBA DAS,56
598,E,TTL231,FABRIC MANUFACTURE I,4,3,1,0,ABHIJIT MUJUMDAR,79
599,E,TTL361,TEXTILE TESTING,3,3,0,0,B KBEHERA,54
600,E,TTL363,TECHNICAL TEXTILES,4,3,1,0,MANGALA JOSHI,7
601,F,TTL362,THEORY OF TEXTILE STRUCTURES,5,3,2,0,AMIT RAWAL,66
602,F,TTL241,TECHNOLOGY OF TEXTILE PREPARATION & FINISHING,3,3,0,0,B S BUTOLA,73
603,F,TTL724,TEXTURED YARN TECHNOLOGY,3,3,0,0,KUSHAL SEN,26
604,F,TTP241,TECHNOLOGY OF TEXTILE PREARATION & FINISHING LAB,1.5,0,0,3,SAMRAT MUKHOPADHYAY,85
605,H,TTL742,THEORY AND PRACTICE OF TEXTILE FINISHING,3,2,0,2,DEEPTI GUPTA,12
606,H,TTL321,MECHANICS OF SPINNING MACHINERY,3,2,1,0,R S RENGASAMY,42
607,J,TTL311,HIGH PERFORMANCE AND SPECIALTY FIBRES,3,3,0,0,MANJEET JASSAL,13
608,J,TTL866,FUNCTIONAL & HIGH PERFORMANCE TEXTILES,3,2,1,0,BHUVANESH GUPTA,8
609,J,TTP761,EVALUATION OF TEXTILE MATERIAL,1,0,0,2,APURBA DAS,23
610,N,TTN110,INTRODUCTION TO TEXTILE TECHNOLOGY,2,0,0,4,KUSHAL SEN,90
611,P,TTL761,COSTING PROJECT FORMULATION AND APPRAISAL,3,2,1,0,B KBEHERA,29
612,P,TTD893,MAJOR PROJECT PART-I,6,0,0,12,APURBA DAS,28
613,P,TTD411,MAJOR PROJECT PART 1 (TT),3,0,0,6,DIPAYAN DAS,49
614,P,TTD891,MAJOR PROJECT PART-I,6,0,0,12,MANGALA JOSHI,16
615,P,TTC410,COLLOQUIUM (TT),3,0,3,0,SAMRAT MUKHOPADHYAY,47
616,P,TTP711,POLYMER & FIBRE CHEMISTRY LABORATORY,1.5,0,0,3,MANJEET JASSAL,16
617,P,TTP712,POLYMER & FIBRE PHYSICS LABORATORY,1.5,0,0,3,MANGALA JOSHI,16
618,A,CRL711,CAD OF RF AND MICROWAVE DEVICES,4,3,0,2,S K KAUL,32
619,B,CRL722,RF AND MICROWAVE SOLID STATE DEVICES,3,3,0,0,SUDHIR CHANDRA,86
620,B,CRL733,SELECTED TOPICS IN RFDT-III,3,3,0,0,MANISH SHARMA,20
621,D,CRL707,HUMAN & MACHINE SPEECH COMMUNICATION,3,3,0,0,ARUN KUMAR,7
622,F,CRL715,RADIATING SYSTEM FOR RF COMMUNICATION,3,3,0,0,ANANJAN BASU,16
623,H,CRL713,FUNDAMENTAL OF RF ELECTRONICS,3,2,0,2,B S PANWAR,26
624,H,CRL731,SELECTED TOPICS IN RFDT-I,3,3,0,0,RAJENDRA BAHL,6
625,J,CRL732,SELECTED TOPICS IN RFDT-II,3,3,0,0,MONIKA AGGARWAL,15
626,P,CRP723,FABRICATION TECHNIQUES FOR RF & MICROWAVE DEVICES,3,1,0,4,VIKAS RANA,26
627,P,CRD811,MAJOR PROJECT PART-I,6,0,0,12,ARUN KUMAR,29
628,A,ASL703,PHYSICS OF ATMOSPHERE AND OCEAN,3,3,0,0,O P SHARMA,20
629,B,ASL705,BOUNDARY LAYER METEOROLOGY AND AIR POLLUTION,3,3,0,0,U C MOHANTY,17
630,C,ASL701,DYNAMICS OF ATMOSPHERE AND OCEAN,3,3,0,0,MAITHILI SHARAN,19
631,D,ASL715,SCIENCE OF CLIMATE CHANGE,4,3,0,2,KRISHNA ACHUTA RAO,12
632,E,ASL803,ADVANCED DYNAMIC OCEANOGRAPHY,3,3,0,0,A D RAO,13
633,F,ASL707,MATHEMATICAL & STATISTICAL METHODS IN ATMOSPHERIC,3,3,0,0,G JAYARAMAN,24
634,J,ASL724,ATMOSPHERIC DIFFUSION AND AIR POLLUTION,3,3,0,0,MANJU MOHAN,14
635,K,ASL410,NUMERICAL SIMULATION OF ATMOSPHERIC AND OCEANIC PH,4,3,0,2,S K DASH,71
636,K,ASL710,ATMOSHPHERIC PHYSICS,3,3,0,0,R C RAGHAVA,37
637,P,ASP751,SIMULATION LAB-I: WHETHERANALYSIS & FORECASTING,2,0,0,4,POORNIMA AGARWAL,14
638,P,ASD891,MAJOR PROJECT PART-I,6,0,0,12,MANJU MOHAN,15
639,P,ASP801,SIMULATION LAB-III OCEAN-ATMOSPHERE FORECAST METH,3,0,1,4,S K DUBE,10
640,H,BML700,INTRODUCTION TO BASIC MEDICAL SCS FOR ENGINEERS,3,3,0,0,NIVEDTTA KARMAKAR,18
641,P,BMV850,EMERGING BIO-MEDICAL TECHNOLOGY AND HEALTH CARE,1,1,0,0,SNEH ANAND,52
642,P,BMV870,VASCULAR BIOENGINEERING,1,1,0,0,SNEH ANAND,24
643,A,ESL330,"ENERGY, ECOLOGY AND ENVIRONMENT",4,3,1,0,T C KANDPAL,18
644,A,ESL732,BIOCONVERSION AND PROCESSING OF WASTE,3,3,0,0,M G DASTIDAR,26
645,B,ESL740,NON-CONVENTIONAL SOURCES OF ENERGY,3,3,0,0,H DPANDEY,102
646,C,ESL714,POWER PLANT ENGG,3,3,0,0,K A SUBRAMANIAN,31
647,D,ESL760,HEAT TRANSFER,3,3,0,0,S C MULLICK,38
648,D,ESL870,FUSION ENERGY,3,3,0,0,H DPANDEY,25
649,D,JED801,MAJOR PROJECT PART-I,6,0,0,12,M G DASTIDAR,23
650,E,ESL774,QUANTITATIVE METHODS FORENERGY MANAGEMENT & PLG,3,3,0,0,A GANGULI,9
651,F,ESL875,ALTERNATIVE FUELS FOR TRANSPORTATION,3,3,0,0,L M DAS,43
652,F,ESL711,FUEL TECHNOLOGY,3,3,0,0,D K SHARMA,79
653,H,ESL860,ELECTRICAL POWER SYSTEMS ANALYSIS,3,3,0,0,R BALASUBRAMANIAM,10
654,J,ESL770,SOLAR ENERGY UTILIZATION,3,3,0,0,VIRESH DUTTA,14
655,K,ESL810,MHD POWER GENERATION,3,3,0,0,R P SHARMA,10
656,K,ESL850,SOLAR REFRIGERATION AND AIR CONDITIONING,3,3,0,0,S C KAUSHIK,6
657,M,ESL768,WIND & SMALL HYDRO ENERGY SYSTMS,3,3,0,0,T SBHATTI,75
658,P,ESP713,ENERGY LABORATORY,3,0,0,6,G N TEWARI,31
659,P,JED802,MAJOR PROJECT PART-II,12,0,0,24,M G DASTIDAR,1
660,P,JSD801,MAJOR PROJECT PART-I,6,0,0,12,M G DASTIDAR,23
661,X,ESL704,BASIC THERMAL ENGG,1,1,0,0,S C KAUSHIK,22
662,X,ESL730,DIRECT ENERGY CONVERSION,3,3,0,0,VIRESH DUTTA,38
663,Y,ESL745,ENVIRONNENTAL AUDIT & IMPACT ASSESSMENT,3,3,0,0,AVINASH CHANDRA,38
664,Y,ESL712,BASIC ELECTRICAL ENGG,1,1,0,0,VIRESH DUTTA,32
665,Z,ESL777,ENVIRONMENTAL SCIENCE AND ENGINEERING,3,3,0,0,SUBODH KUMAR,46
666,Z,ESL710,"ENERGY,ECOLOGY AND ENVIRONMENT",3,3,0,0,M G DASTIDAR,38
667,Z,ESL791,APPLIED MATHEMATICS & COMPUTATIONAL METHODS,1,1,0,0,MRS R UMA,46
668,B,IDL721,MATERIAL & MECH DESIGN,4,3,0,2,I P SINGH,20
669,C,DIP751,COMMUNICATION & PRESENTATION SKILLS,4,1,0,6,L K DAS,4
670,E,IDL711,INSTRUMENTATION TRANSDUCERS,3,3,0,0,D T SAHANI,77
671,E,DIL711,FRAMEWORK OF DESIGN,4,2,0,4,L K DAS,3
672,F,IDL713,ADVANCED ELECTRONIC AND COMP AND CIRCUITS,3,3,0,0,A L VYAS,1
673,F,DIP811,PRODUCT SYSTEMS SERVICES AND ENVIRONMENT,3,1,0,4,L K DAS,20
674,H,DIL731,APPLIED ERGONOMICS,3.5,2,0,3,DINESH MOHAN,3
675,H,IDL731,OPTICAL COMPO. & BASIC INSTR,3,3,0,0,CHANDRA SHAKHER,21
676,J,IDL730,PHOTOCHEMICAL MACHINING,3,2,0,2,RAKESH KUMAR,8
677,K,IDL737,DISPLAY DIVICES AND TECHNOLOGIES,3,3,0,0,DALIP SINGH MEHTA,18
678,P,DIR857,ANIMATION,2.5,1,0,3,KIRAN SETH,40
679,P,DIR853,COMPUTER AIDED INDUSTRIAL DESIGN,2.5,1,0,3,S K ATREYA,20
680,P,DID891,PROJECT - III,8.5,0,1,15,S K ATREYA,19
681,P,DIP741,PRODUCT FORM AND AESTHETICS,3,1,0,4,L K DAS,3
682,P,DIC701,SEMINARS,1,0,0,2,I P SINGH,27
683,P,DIP791,PROJECT INTERFACE DESIGN(PROJECT-I),4,0,1,6,S K ATREYA,1
684,P,IDP703,INSTRUMENT TECHNOLOGY,3,0,0,6,N K JAIN,19
685,P,JTD801,MAJOR PROJECT PART-I,6,0,0,12,A L VYAS,11
686,P,JTS801,INDEPENDENT STUDY,3,0,3,0,I P SINGH,1
687,P,IDP705,ADVANCED INSTRUMENT TECHNOLOGY LAB,4,0,0,8,A L VYAS,13
688,S,DIP721,EXPLORATORY PRODUCT DESIGN METHODS,3,1,0,4,S K ATREYA,3
689,V,DIP781,ENGG FUNCTION MATERIALS & PROCESSES,3,1,0,4,L K DAS,3
690,V,DIP841,ADVANCED FORM STUDIES,3.5,1,0,5,S K ATREYA,19
691,F,JOP791,FIBER OPTICS AND OPTICAL COMMUNICATIONS LAB,3,0,0,6,VINOD CHANDRA,27
692,P,JMS800,INDEPENDENT STUDY (JTM),3,3,0,0,SWADES KUMAR DE,2
693,P,JVS802,INDEPENDENT STUDY,3,0,3,0,M JAGADESH KUMAR,3
694,P,JOD801,MAJOR PROJECT PART-I,6,0,0,12,SUBRAT KAR,15
695,A,ITL703,FUNDAMENTALS OF TRIBOLOGY,4,3,0,2,JAYASHREE BIJWE,17
696,B,ITL709,MAINTENANCE PLANNING & CONTROL,3,3,0,0,O P GANDHI,24
697,C,ITL730,LUBRICANTS,3,2,0,2,JAYASHREE BIJWE,27
698,D,ITL705,MATERIAL FOR TRIBOLOGICAL APPLICATIONS,3,3,0,0,JAYASHREE BIJWE,17
699,E,ITL810,BEARING LUBRICATION,3,2,0,2,R KPANDEY,15
700,H,ITL760,NOISE MONITORING AND CONTROL,3,2,0,2,NARESH TANDON,6
701,J,ITL752,BULK MATERIALS HANDLING,3,2,0,2,V K AGARWAL,8
702,M,ITL711,RELIABILITY AVAILABILITY AND MAINTAINABILITY(RAM),3,3,0,0,O P GANDHI,15
703,P,JID801,MAJOR PROJECT PART-I,6,0,0,12,JAYASHREE BIJWE,15
704,J,VEL710,TRADITIONAL KNOWLEDGE AND VALUES,3,2,1,0,VIJAYARAGHAVAN M CHARIAR,27
705,P,VED750,MINOR PROJECT,3,0,0,6,M R RAVI,6
706,B,PTL707,POLYMER ENGG. & RHEOLOGY,3,3,0,0,A K GHOSH,40
707,C,PTL705,POLYMER CHARACTERIZATION,3,2,0,2,JOSEMON JACOB,48
708,D,PTL701,POLYMER CHEMISTRY,3,3,0,0,VEENA CHAUDHARY,32
709,E,PTL703,POLYMER PHYSICS,3,3,0,0,A K GUPTA,30
710,F,PTL709,POLYMER TECHNOLOGY,3,3,0,0,S N MAITI,30
711,J,PTL724,POLYMERIC COATINGS,3,3,0,0,HARPAL SINGH,19
712,M,PTL726,POLYMERIC NANOMATERIALS AND NANOCOMPOSITES,3,3,0,0,BHABANI KUMAR SATAPATHY,19
713,P,PTP710,POLYMER SCI LAB,2,0,0,4,VEENA CHAUDHARY,30
714,P,JPD801,MAJOR PROJECT PART-I,6,0,0,12,VEENA CHAUDHARY,24
715,B,RDL340,TECHNOLOGY AND COMMUNITY DEVELOPMENT,4,3,1,0,SANTOSH,79
716,B,RDL807,"WOMEN,TECHNOLOGY AND DEVELOPMENT",3,2,0,2,SATYAWATI SHARMA,16
717,D,RDL730,TECHNOLOGY ALTERNATIVES FOR RURAL DEVELOPMENT,3,3,0,0,VIJAYARAGHAVAN M CHARIAR,69
718,E,RDL801,SUCCESSFUL FORMS OF GRASSROOT ORGANIZATIONS,3,2,0,2,VIJAYARAGHAVAN M CHARIAR,23
719,F,RDL722,RURAL ENERGY SYSTEMS,3,3,0,0,VIRENDRA KUMAR VIJAY,46
720,J,RDL700,BIOMAS PRODUCTION,3,3,0,0,SATYAWATI SHARMA,57
721,M,RDL740,TECHNOLOGY OF UTILIZATION OF WASTELANDS & WEEDS,3,3,0,0,ANUSHREE MALIK,8
722,M,RDL726,"HERBAL,MEDICINAL ANDAROMATIC PRODUCTS",3,2,0,2,S NNAIK,14
723,P,RDD750,MINOR PROJECT,3,3,0,0,SATYAWATI SHARMA,19
724,B,SBL706,BIOLOGICS,3,3,0,0,ARCHANA CHUGH,10
725,E,SBV883,CHAPERONE AND PROTEIN CONFORMATIONAL DISORDERS,1,1,0,0,TAPAN KUMAR CHAUDHURI,23
726,H,SBS800,INDEPENDENT STUDY,3,0,3,0,JAMES GOMES,5
727,J,SBV884,ELEMENTS OF NEUROSCIENCE,1,1,0,0,JAMES GOMES,20
728,K,SBV887,CURRENT TOPICS IN COMPUTATIONAL BIOLOGY,1,1,0,0,ADITYA MITTAL,10
729,K,SBV885,PROTEIN AGGREGATIAONS ANDDISEASES,1,1,0,0,BISHWAJIT KUNDU,10
730,M,SBC795,GRADUATE STUDENT RESEARCH SEMINAR,1,0,0,2,JAMES GOMES,11
731,M,SBL701,BIOMETRY,3,3,0,0,ADITYA MITTAL,10
732,P,SBV889,DIAGNOSTIC VIROLOGY,1,1,0,0,VIVEKANANDAN PERUMAL,4
733,P,SBV890,KINETOPLASTID PARASITES AND NOVEL TARGETS,1,1,0,0,CHINMOY SANKAR DEY,4
734,P,SBV891,VIRUS-HOST INTERACTIONS,1,1,0,0,MANIDIPA BANERJEE,9
735,P,SID890,MS RESEARCH PROJECT,40,0,0,80,SANJIVA PRASAD,7
736,P,SIV861,INFORMATION & COMM TECHNOLOGIES & DEVELOPMENT,1,1,0,0,AADITESHWAR SETH,30
737,P,SIV864,SPECIAL MODULE ON MEDIA PROCESSING & COMMUNICATION,1,1,0,0,PREM KUMAR KALRA,8
738,P,BSD895,MAJOR PROJECT(MSR),40,0,0,80,SWADES KUMAR DE,4
739,P,SID880,MINOR PROJECT IN INFORMATION TECHNOLOGY,3,0,0,6,SANJIVA PRASAD,1
